Id,HomeTeam,AwayTeam,HT,FT,HG,AG,TG,HS,AS,HP,AP,HST,AST,PH,PA,AOPH,AOPA,HF,AF,YCH,YCA,RCH,RCA,OH,OA,CH,CA,HP1,HP2,HP3,HP4,HP5,HP6,HP7,HP8,HP9,HP10,HP11,AP1,AP2,AP3,AP4,AP5,AP6,AP7,AP8,AP9,AP10,AP11,Plays,HT/FT
1,Fulham,Arsenal,2,2,0,3,2-3,5,13,0.45,0.55,2,6,523,626,0.88,0.89,12,12,2,2,0,0,2,2,2,3,MRodak,DOntoi,MHektor,TRim,JBraian,XRint,TKernei,NKempano,JOnoma,IvKavaliero,AbKamara, BLeno,Ktierni,GMagkaliaes,RCholting,EMeitland,GJaka,MNeni,EBeyerin,PObameyang,AlLakazet,Gouilian,CraivenKotatz,2/2
2,Crystal Palace,Southampton,1,1,1,0,0-1,5,9,0.29,0.71,3,5,236,580,0.51,0.78,14,11,1,2,0,0,4,0,7,3,VGouapa,JOuornt,TKuyate,SDan,TMichel,AntTaounsent,JMacarthur,JMacarthi,JSlooup,GZaxa,GAyiou, AlMacarthi,KGouoker,JStivens,GBednarek,RBertrad,WSmallbone,JGouornt,OrRomeou,NRentmont,DIngs,TseAdams,SelcherstPark,1/1
3,Liverpool,Leeds United,1,1,4,3,7+,22,6,0.48,0.52,6,3,432,459,0.75,0.75,9,6,1,0,0,0,2,5,9,0,Alison,AlexanderArnolnt,TGomez,FanDaik,ARobertson,NKeita,JXenterson,ZVinaldum,MSalax,RFirmino,SMane, IMeslier,LAiling,RKox,RStrujik,SDalas,KFilips,XKosta,PErnantes,Mklix,JXarison,PBamfornt,Anfield,1/1
4,West Ham,Newcastle United,X,2,0,2,2-3,15,15,0.59,0.41,3,2,474,342,0.82,0.77,13,7,2,2,0,0,2,4,8,7,LFabianski,RFrenteriks,IsaDiop,AnOgbona,AarKresgouel,TSoutsek,DRais,JMpoouen,MNompl,PForlans,MAntonio, KDarlow,XMankigio,JLaslels,FFernantez,JLiouis,JXentrik,JSelvei,IsXeinten,AlSenMaximin,AntiKarol,KOuilson,UptonPark,X/2
5,West Bromwich Albion,Leicester City,X,2,0,3,2-3,7,13,0.35,0.65,1,7,336,604,0.75,0.84,12,9,1,1,0,0,4,3,2,5,STzonstooun,DFurlong,SAtzayi,KBartlei,DOsi,KGibs,MPereira,JLivermor,RSoyers,GDiangana,KRobinson, KSmeichel,TKostanie,GDidi,TsSogionsou,JJastin,NMenti,APereth,GTilemans,DPrat,XBarns,JVardy,Chothorns,X/2
6,Tottenham Hotspur,Everton,X,2,0,1,0-1,9,15,0.52,0.48,5,4,552,529,0.85,0.85,15,7,1,0,0,0,0,1,5,3,OLioris,MDoxerti,TAlntervairelnt,ErDaier,MpDaivis,PXoibierg,XGouinks,Loukas,DAli,SonXM,XKein, JPikfornt,SKooulman,GMina,MKin,LNtini,AmpNtoukoure,Alan,AntGomez,Risarlison,DKalvert,XRodriguez,WhiteHeartLein,X/2
7,Sheffield United,Wolves,2,2,0,2,2-3,9,11,0.56,0.44,2,4,460,391,0.81,0.78,13,7,2,1,0,0,4,0,12,5,AarRamsdal,KMpasam,JIgkan,JOkonel,JMpalntok,JLanstram,OlNorgount,JFlek,EntaStivens,OlMakMperny,BSarp, RPatrisio,GMpoli,KKonti,RSais,AntTraore,LNtentonker,ZMoutinhio,FMarsal,PNeto,DPodense,PXimenes,BramallPark,2/2
8,Brighton and Hove Albion,Chelsea,2,2,1,3,4-6,13,10,0.53,0.47,3,5,507,465,0.81,0.83,8,13,1,0,0,0,0,3,4,3,MRaian,MpOuait,LNtang,AnteOuemper,TLampei,AntLalana,IvMpisouma,SAlsate,SMark,NMopai,LTrosar, KArizampalanga,MAlonso,KZouma,AntKristensen,RJaims,Zorzinhio,NKante,KXaverts,MMaount,TVerner,RLoftusTsik,FarmelStadium,2/2
9,Everton,West Bromwich Albion,1,1,5,2,7+,17,6,0.72,0.28,7,4,799,322,0.90,0.78,9,11,1,0,0,1,1,1,11,1,JPikfornt,SKooulman,GMina,MKin,LNtini,AmpNtoukoure,Alan,AntGomez,Risarlison,DKalvert,XRodriguez, STzonstooun,DFurlong,SAtzayi,KBartlei,DOsi,KGibs,MPereira,JLivermor,RSoyers,GDiangana,KRobinson,WoodisonPark,1/1
10,Leeds United,Fulham,1,1,4,3,7+,10,14,0.51,0.49,7,6,444,438,0.75,0.80,13,18,1,2,0,0,3,0,5,3,IMeslier,LAiling,RKox,LKouper,SDalas,KFilips,XKosta,Rodringuo,Mklix,JXarison,PBamfornt, AlAreola,DOntoi,MHektor,KTete,JBraian,XRint,FAngkisa,AlMitrovich,JOnoma,IvKavaliero,AbKamara,EladRoount,1/1
11,Manchester United,Crystal Palace,2,2,1,3,4-6,17,14,0.76,0.24,4,5,705,225,0.85,0.61,13,10,2,1,0,0,1,2,9,3,DeXea,TFosouMensa,VLintelof,XMagkouair,LoukSo,PPogba,MakTominei,DJaims,MpFernantez,MRasfornt,AntMarsial, VGouapa,JOuornt,TKuyate,MSako,TMichel,AntTaounsent,JMacarthur,JMacarthi,JSlooup,GZaxa,GAyiou,OldTrafford,2/2
12,Arsenal,West Ham,X,1,2,1,2-3,7,14,0.63,0.37,3,3,669,383,0.86,0.81,11,13,0,1,0,0,5,2,7,5,BLeno,SKolasinats,GMagkaliaes,RCholting,EkMpegerin,GJaka,DThempagios,EBeyerin,PObameyang,AlLakazet,Gouilian, LFabianski,RFrenteriks,IsaDiop,AnOgbona,AarKresgouel,TSoutsek,DRais,JMpoouen,ArMazouakou,PForlans,MAntonio,Emirates,X/1
13,Southampton,Tottenham Hotspur,X,2,2,5,7+,15,9,0.53,0.47,7,6,460,419,0.76,0.72,17,18,4,3,0,0,2,6,3,2,AlMacarthi,KGouoker,JStivens,GBednarek,RBertrad,SArmstrong,JGouornt,OrRomeou,MTzenepo,DIngs,TseAdams, OLioris,MDoxerti,DSantchez,ErDaier,MpDaivis,PXoibierg,XGouinks,Loukas,TDompele,SonXM,XKein,SaidMerryStadium,X/2
14,Newcastle United,Brighton and Hove Albion,2,2,0,3,2-3,6,13,0.47,0.53,0,6,386,444,0.76,0.80,16,15,3,0,0,1,1,2,7,1,KDarlow,XMankigio,JLaslels,FFernantez,JLiouis,JXentrik,JSelvei,IsXeinten,AlSenMaximin,AntiKarol,KOuilson, MRaian,MpOuait,LNtang,AnteOuemper,TLampei,AarKonoli,IvMpisouma,SAlsate,SMark,NMopai,LTrosar,SaidJamesPark,2/2
15,Chelsea,Liverpool,X,2,0,2,2-3,5,18,0.38,0.62,3,6,488,764,0.84,0.89,10,6,0,0,1,0,1,1,1,1,KArizampalanga,MAlonso,KZouma,AntKristensen,RJaims,Zorzinhio,NKante,KXaverts,MMaount,TVerner,MKovasits, Alison,AlexanderArnolnt,Fabinio,FanDaik,ARobertson,NKeita,JXenterson,ZVinaldum,MSalax,RFirmino,SMane,StaffordBridge,X/2
16,Leicester City,Burnley,X,1,4,2,4-6,14,16,0.68,0.32,6,5,621,292,0.84,0.68,11,13,1,2,0,0,0,1,15,4,KSmeichel,TKostanie,GDidi,TsSogionsou,JJastin,NMenti,APereth,GTilemans,DPrat,XBarns,JVardy, NPooup,FMpardlei,Klong,JDooun,TsTaylor,RMpeinti,AsWestwood,JMpraounxil,DMakNil,JRontriguez,KWood,KingPower,X/1
17,Aston Villa,Sheffield United,X,1,1,0,0-1,18,4,0.72,0.28,2,1,553,221,0.87,0.59,12,13,3,1,0,1,1,0,10,4,EmMartines,MKas,EKonsa,TMings,Mtarget,KXourixein,DLouiz,JMakGin,MXasan,OliWuatkins,JGrilis, AarRamsdal,KMpasam,JIgkan,JOkonel,JMpalntok,JLanstram,SBerge,JFlek,EntaStivens,DMakGoldrich,OlBerk,VillaPark,X/1
18,Wolves,Manchester City,2,2,1,3,4-6,10,14,0.34,0.66,1,9,356,692,0.76,0.86,7,8,0,3,0,0,2,3,4,6,RPatrisio,GMpoli,KKonti,RSais,AntTraore,RNeves,ZMoutinhio,FMarsal,PNeto,DPodense,PXimenes, EntMoraes,GGouoker,JStones,NAke,MpMenti,Fernantinhio,ErnantethKaskante,FFonten,KNteMprouin,RSterling,GJessus,MolinoStadium,2/2 
19,Brighton and Hove Albion,Manchester United,X,2,2,3,4-6,18,7,0.54,0.46,5,3,488,445,0.84,0.83,18,16,4,2,0,0,1,4,7,1,MRaian,MpOuait,LNtang,AnteOuemper,TLampei,AntLalana,AarKonoli,SAlsate,SMark,NMopai,LTrosar, DeXea,AarGouanMpisaka,VLintelof,XMagkouair,LoukSo,PPogba,NMatits,MGringoud,MpFernantez,MRasfornt,AntMarsial,FarmelStadium,X/2
20,Crystal Palace,Everton,2,2,1,2,2-3,8,10,0.42,0.58,1,9,356,692,0.76,0.86,7,8,0,3,0,0,2,3,4,6,VGouapa,JOuornt,TKuyate,MSako,TMichel,AntTaounsent,JMacarthur,JMacarthi,EEze,GZaxa,GAyiou, JPikfornt,SKooulman,GMina,MKin,LNtini,AmpNtoukoure,Alan,AntGomez,Risarlison,DKalvert,XRodriguez,SelcherstPark,2/2
21,West Bromwich Albion,Chelsea,1,X,3,3,4-6,9,22,0.24,0.76,3,10,249,797,0.67,0.89,8,16,1,3,0,0,1,0,3,9,STzonstooun,DFurlong,SAtzayi,KBartlei,DOsi,KTaounsent,MPereira,JLivermor,RSoyers,GDiangana,KRobinson, GKampayero,MAlonso,TSilva,AntKristensen,RJaims,TEimpraxam,NKante,KXaverts,MMaount,TVerner,MKovasits,Chothorns,1/X
22,Burnley,Southampton,2,2,0,1,0-1,10,5,0.54,0.46,2,1,522,480,0.71,0.71,8,10,1,0,0,0,2,1,8,2,NPooup,FMpardlei,Klong,JDooun,TsTaylor,DStivens,AsWestwood,JMpraounxil,DMakNil,MVyntra,KWood, AlMacarthi,KGouoker,GVersterguard,GBednarek,RBertrad,SArmstrong,JGouornt,OrRomeou,MTzenepo,DIngs,TseAdams,TerfMour,2/2
23,Sheffield United,Leeds United,X,2,0,1,0-1,14,17,0.36,0.64,4,9,327,578,0.70,0.81,18,4,2,1,0,0,2,1,5,7,AarRamsdal,KMpasam,IthAmpantou,JRobinson,JMpalntok,JLanstram,SBerge,MpOzmporn,EntaStivens,DMakGoldrich,OlBerk, IMeslier,LAiling,RKox,LKouper,SDalas,KFilips,XKosta,TRoberts,Mklix,JXarison,PBamfornt,BramallPark,X/2
24,Tottenham Hotspur,Newcastle United,1,X,1,1,2-3,23,6,0.66,0.34,12,1,640,319,0.88,0.77,15,9,1,4,0,0,0,1,10,4,OLioris,MDoxerti,DSantchez,ErDaier,MpDaivis,PXoibierg,XGouinks,Loukas,XloSeslo,SonXM,XKein, KDarlow,XMankigio,JLaslels,FFernantez,MRitsi,JXentrik,JSelvei,IsXeinten,Zoelinton,MAlmiron,KOuilson,WhiteHeartLein,1/X 
25,Manchester City,Leicester City,X,2,2,5,7+,16,7,0.72,0.28,5,7,680,267,0.90,0.74,13,8,1,3,0,0,2,3,3,3,EntMoraes,GGouoker,ErGarthia,NAke,MpMenti,Fernantinhio,ErnantethKaskante,FFonten,KNteMprouin,RMachrez,GJessus, KSmeichel,TKostanie,DAmartei,TsSogionsou,JJastin,JEvans,NMenti,GTilemans,DPrat,XBarns,JVardy,MainRoad,X/2
26,West Ham,Wolves,1,1,4,0,4-6,15,11,0.36,0.64,7,2,367,626,0.76,0.86,7,11,0,1,0,0,3,2,1,3,LFabianski,RFrenteriks,FBalmouena,AnOgbona,AarKresgouel,TSoutsek,DRais,JMpoouen,ArMazouakou,PForlans,MAntonio, RPatrisio,GMpoli,KKonti,RSais,AntTraore,RNeves,ZMoutinhio,NSemedo,PNeto,RVinagre,PXimenes,UptonPark,1/1
27,Fulham,Aston Villa,2,2,0,3,2-3,16,12,0.65,0.35,3,5,538,302,0.85,0.70,18,14,6,3,0,0,0,3,5,3,AlAreola,DOntoi,MHektor,TRim,JBraian,BRint,TKernei,FAngkisa,KTete,IvKavaliero,AlMitrovich, EmMartines,MKas,EKonsa,TMings,Mtarget,KXourixein,DLouiz,JMakGin,MXasan,OliWuatkins,JGrilis,CraivenKotatz,2/2
28,Liverpool,Arsenal,1,1,3,1,4-6,21,4,0.66,0.34,8,3,772,395,0.88,0.75,11,7,2,2,0,0,0,5,7,3,Alison,AlexanderArnolnt,TGomez,FanDaik,ARobertson,NKeita,Fabinio,ZVinaldum,MSalax,RFirmino,SMane, BLeno,Ktierni,RCholting,Dlouiz,EMeitland,GJaka,MNeni,EBeyerin,PObameyang,AlLakazet,Gouilian,Anfield,1/1
29,Chelsea,Crystal Palace,X,1,4,0,4-6,17,4,0.71,0.29,6,0,707,280,0.89,0.74,17,13,2,0,0,0,1,0,8,5,EntMenti,NAthlitikoueta,TSilva,KZouma,MpTsilwell,Zorzinhio,NKante,KXaverts,KHandsonOntoi,TVerner,TEimpraxam, VGouapa,JOuornt,TKuyate,MSako,TMichel,AntTaounsent,JMacarthur,JMacarthi,EEze,GZaxa,GAyiou,StaffordBridge,X/1
30,Everton,Brighton and Hove Albion,1,1,4,2,4-6,11,11,0.43,0.57,6,3,474,618,0.85,0.85,13,14,0,1,0,0,0,2,3,10,JPikfornt,SKooulman,GMina,MKin,LNtini,AmpNtoukoure,TNtaivis,GSigourtson,Risarlison,DKalvert,XRodriguez, MRaian,MpOuait,LNtang,AnteOuemper,TLampei,IvMpisouma,AarKonoli,SAlsate,SMark,NMopai,LTrosar,WoodisonPark,1/1
31,Leeds United,Manchester City,2,X,1,1,2-3,12,23,0.53,0.47,7,2,429,389,0.82,0.82,11,12,2,1,0,0,2,3,7,10,IMeslier,LAiling,RKox,LKouper,SDalas,KFilips,XKosta,TRoberts,Mklix,EzAlionski,PBamfornt, EntMoraes,GGouoker,RDias,EmLaport,MpMenti,RSterling,ErnantethKaskante,FFonten,KNteMprouin,RMachrez,FTorres,EladRoount,2/X
32,Newcastle United,Burnley,1,1,3,1,4-6,10,7,0.47,0.53,5,3,416,455,0.74,0.74,13,17,2,3,0,0,4,5,3,4,KDarlow,EmCraft,FSir,FFernantez,JLiouis,JXentrik,JSelvei,IsXeinten,AlSenMaximin,Zoelinton,KOuilson, NPooup,FMpardlei,Klong,JTarkowski,TsTaylor,DStivens,AsWestwood,JMpraounxil,DMakNil,AsBarns,KWood,SaidJamesPark,1/1
33,Leicester City,West Ham,2,2,0,3,2-3,4,14,0.70,0.30,0,6,684,296,0.84,0.70,10,8,2,2,0,0,4,2,6,4,KSmeichel,DAmartei,JEvans,TsSogionsou,JJastin,NMenti,APereth,GTilemans,TKostanie,XBarns,JVardy, LFabianski,ArMazouakou,FBalmouena,AnOgbona,AarKresgouel,VKoufal,TSoutsek,DRais,JMpoouen,PForlans,MAntonio,KingPower,2/2
34,Southampton,West Bromwich Albion,1,1,2,0,2-3,13,5,0.62,0.38,7,2,522,325,0.76,0.69,19,10,2,1,0,0,1,1,5,1,AlMacarthi,KGouoker,GVersterguard,GBednarek,RBertrad,SArmstrong,JGouornt,OrRomeou,MTzenepo,DIngs,TseAdams, STzonstooun,SAtzayi,KBartlei,DOsi,KTaounsent,MPereira,JLivermor,RSoyers,GDiangana,KRobinson,KEdwards,SaidMerryStadium,1/1
35,Wolves,Fulham,X,1,1,0,0-1,14,10,0.47,0.53,5,2,478,524,0.84,0.87,15,8,1,1,0,0,0,0,6,2,RPatrisio,GMpoli,KKonti,RSais,MKillman,RNeves,NSemedo,LNtentonker,PNeto,DPodense,PXimenes, AlAreola,OlaEina,LeMarsan,TRim,JBraian,AntRobinson,TKernei,FAngkisa,JBraian,IvKavaliero,AlMitrovich,MolinoStadium,X/1 
36,Arsenal,Sheffield United,X,1,2,1,2-3,6,6,0.65,0.35,5,2,699,373,0.89,0.79,3,9,0,1,0,0,0,3,2,4,BLeno,Ktierni,GSantosMagk,Dlouiz,EBeyerin,DThempagios,BSaka,MNeni,Gouilian,PObameyang,EdiKeita, AarRamsdal,KMpasam,JIgkan,JRobinson,JMpalntok,JLanstram,SBerge,MpOzmporn,EntaStivens,DMakGoldrich,OlBerk,Emirates,X/1
37,Manchester United,Tottenham Hotspur,2,2,1,6,7+,5,22,0.38,0.62,2,8,416,672,0.83,0.90,14,11,2,1,1,0,1,0,2,4,DeXea,AarGouanMpisaka,ErMpMpaigi,XMagkouair,LoukSo,PPogba,NMatits,MGringoud,MpFernantez,MRasfornt,AntMarsial, OLioris,SOrie,DSantchez,ErDaier,SRegilon,PXoibierg,MSisoko,TDompele,ErLamela,SonXM,XKein,OldTrafford,2/2
38,Aston Villa,Liverpool,1,1,7,2,7+,18,14,0.30,0.70,11,8,285,650,0.68,0.85,7,10,2,1,0,0,2,1,2,7,EmMartines,MKas,EKonsa,TMings,Mtarget,PBarkley,DLouiz,JMakGin,MXasan,OliWuatkins,JGrilis, Antrian,AlexanderArnolnt,TGomez,FanDaik,ARobertson,NKeita,Fabinio,ZVinaldum,MSalax,RFirmino,DZota,VillaPark,1/1
39,Everton,Liverpool,X,X,2,2,4-6,11,22,0.41,0.59,5,8,380,524,0.74,0.83,15,9,3,2,1,0,2,3,2,5,JPikfornt,SKooulman,GMina,MKin,LNtini,AmpNtoukoure,Alan,AntGomez,Risarlison,DKalvert,XRodriguez, Antrian,AlexanderArnolnt,ZMatip,FanDaik,ARobertson,JXenterson,Fabinio,Tiagko,MSalax,RFirmino,SMane,WoodisonPark,X/X
40,Chelsea,Southampton,1,X,3,3,4-6,11,13,0.54,0.46,5,6,574,503,0.81,0.75,11,9,1,1,0,0,3,1,6,2,KArizampalanga,NAthlitikoueta,AntKristensen,KZouma,MpTsilwell,Zorzinhio,NKante,KXaverts,KPoulisits,TVerner,MMaount, AlMacarthi,KGouoker,GVersterguard,GBednarek,RBertrad,NRentmont,JGouornt,OrRomeou,Gouolkot,DIngs,TseAdams,StaffordBridge,1/X
41,Manchester City,Arsenal,1,1,1,0,0-1,13,11,0.59,0.41,5,3,665,462,0.88,0.84,15,10,4,1,0,0,0,2,6,6,EntMoraes,GGouoker,RDias,NAke,MbSilva,SAguero,ErnantethKaskante,FFonten,RSterling,RMachrez,ZKanselo, BLeno,Ktierni,GSantosMagk,Dlouiz,EBeyerin,DThempagios,BSaka,GJaka,Gouilian,PObameyang,NPepe,MainRoad,1/1
42,Newcastle United,Manchester United,X,2,1,4,4-6,7,28,0.36,0.64,4,14,358,629,0.71,0.86,9,12,1,1,0,0,0,2,0,7,KDarlow,EmCraft,JLaslels,FFernantez,JLiouis,JXentrik,JSelvei,IsXeinten,AlSenMaximin,Zoelinton,KOuilson, DeXea,AarGouanMpisaka,VLintelof,XMagkouair,LoukSo,SMakTominei,Fred,DJaims,MpFernantez,MRasfornt,XMata,SaidJamesPark,X/2
43,Sheffield United,Fulham,X,X,1,1,2-3,10,15,0.41,0.59,6,6,399,563,0.80,0.84,5,9,0,2,0,0,4,0,2,5,AarRamsdal,KMpasam,JIgkan,OlNorgount,JMpalntok,JLanstram,SBerge,MLoou,EntaStivens,DMakGoldrich,OlMakMperny, AlAreola,OlaEina,TAntarabagio,TRim,FAngkisa,RLoftusTsik,TKernei,AntRobinson,AntLookman,IvKavaliero,AlMitrovich,BramallPark,X/X
44,Crystal Palace,Brighton and Hove Albion,1,X,1,1,2-3,1,20,0.34,0.66,1,3,280,544,0.68,0.82,13,13,3,2,0,1,1,2,2,5,VGouapa,JOuornt,TKuyate,GKeixil,TMichel,AntTaounsent,JMacarthur,JRintevald,JSlooup,GZaxa,BBatsuayi, MRaian,DBern,LNtang,AnteOuemper,TLampei,MpOuait,IvMpisouma,AntLalana,SMark,NMopai,LTrosar,SelcherstPark,1/X
45,Tottenham Hotspur,West Ham,1,X,3,3,4-6,11,13,0.52,0.48,6,4,511,459,0.81,0.81,13,12,0,5,0,0,1,3,3,7,OLioris,SOrie,TAlntervairelnt,DSantchez,SRegilon,PXoibierg,MSisoko,TDompele,SBerxvein,SonXM,XKein, LFabianski,VKoufal,FBalmouena,AnOgbona,AarKresgouel,TSoutsek,DRais,JMpoouen,ArMazouakou,PForlans,MAntonio,WhiteHeartLein,1/X
46,Leicester City,Aston Villa,X,2,0,1,0-1,11,10,0.51,0.49,5,4,417,397,0.75,0.76,18,18,4,3,0,0,2,3,2,7,KSmeichel,TKostanie,OuFofana,JEvans,JJastin,NMenti,APereth,GTilemans,DPrat,XBarns,KIxeanatso, EmMartines,MKas,EKonsa,TMings,Mtarget,PBarkley,DLouiz,JMakGin,MXasan,OliWuatkins,JGrilis,KingPower,X/2
47,West Bromwich Albion,Burnley,X,X,0,0,0-1,13,9,0.57,0.43,6,4,477,352,0.75,0.68,15,17,2,2,0,0,2,0,8,2,STzonstooun,DFurlong,MpIvanonits,AxXegkazi,KTaounsent,KKalaxer,MPereira,JLivermor,FKrovinovits,GDiangana,KGrad, NPooup,JTarkowski,Klong,ErPeters,TsTaylor,GGountmountson,AsWestwood,JMpraounxil,DMakNil,AsBarns,KWood,Chothorns,X/X
48,Leeds United,Wolves,X,2,0,1,0-1,13,7,0.68,0.32,2,3,553,269,0.83,0.66,13,12,2,1,0,0,1,2,8,3,IMeslier,LAiling,RKox,RStrujik,SDalas,KFilips,XKosta,Rodringuo,Mklix,JXarison,PBamfornt, RPatrisio,GMpoli,KKonti,RSais,MKillman,ZMoutinhio,NSemedo,LNtentonker,PNeto,DPodense,PXimenes,EladRoount,X/2
49,Aston Villa,Leeds United,X,2,0,3,2-3,12,27,0.40,0.60,4,9,305,445,0.71,0.82,14,17,2,2,0,0,0,0,6,5,EmMartines,MKas,EKonsa,TMings,Mtarget,PBarkley,DLouiz,JMakGin,MXasan,OliWuatkins,JGrilis, IMeslier,LAiling,RKox,RStrujik,SDalas,EzAlionski,XKosta,Rodringuo,Mklix,JXarison,PBamfornt,VillaPark,X/2 
50,West Ham,Manchester City,1,X,1,1,2-3,6,14,0.30,0.70,2,7,325,747,0.68,0.89,14,6,2,0,0,0,1,0,2,10,LFabianski,FBalmouena,VKoufal,AnOgbona,AarKresgouel,TSoutsek,DRais,JMpoouen,ArMazouakou,PForlans,MAntonio, EntMoraes,GGouoker,RDias,ErGarthia,ZKanselo,SAguero,ErnantethKaskante,BSilva,RSterling,RMachrez,IllGountogkan,UptonPark,1/X
51,Fulham,Crystal Palace,2,2,1,2,2-3,16,14,0.65,0.35,3,10,643,366,0.89,0.80,11,11,0,1,1,0,1,2,4,4,AlAreola,OlaEina,TAntarabagio,TRim,AntRobinson,FAngkisa,MLemina,TKernei,RTsik,AntLookman,AlMitrovich, VGouapa,NKlein,TKuyate,SDan,TMichel,AntTaounsent,LMilivogevits,JRintevald,JSlooup,GZaxa,BBatsuayi,CraivenKotatz,2/2
52,Manchester United,Chelsea,X,X,0,0,0-1,14,6,0.51,0.49,4,1,582,582,0.83,0.83,8,6,3,1,0,0,2,0,9,6,DeXea,AarGouanMpisaka,VLintelof,XMagkouair,LoukSo,Fred,MakTominei,DJaims,MpFernantez,MRasfornt,XMata, EntMenti,NAthlitikoueta,TSilva,KZouma,MpTsilwell,Zorzinhio,NKante,KXaverts,KPoulisits,TVerner,RJaims,OldTrafford,X/X
53,Liverpool,Sheffield United,X,1,2,1,2-3,17,13,0.63,0.37,5,2,683,406,0.86,0.76,7,15,0,3,0,0,2,0,7,3,Alison,AlexanderArnolnt,TGomez,Fabinio,ARobertson,DZota,JXenterson,ZVinaldum,MSalax,RFirmino,SMane, AarRamsdal,KMpasam,JIgkan,EntaStivens,JMpalntok,JLanstram,SBerge,IthAmpantou,MpOzmporn,RMprouster,OlMakMperny,Anfield,X/1
54,Southampton,Everton,1,1,2,0,2-3,13,6,0.55,0.45,6,2,610,509,0.88,0.85,11,11,1,2,0,1,1,1,4,5,AlMacarthi,KGouoker,GVersterguard,GBednarek,RBertrad,SArmstrong,JGouornt,OrRomeou,NRentmont,DIngs,TseAdams, JPikfornt,MpGontfe,GMina,MKin,LNtini,AmpNtoukoure,Alan,GSigourtson,AlIvompi,DKalvert,XRodriguez,SaidMerryStadium,1/1
55,Wolves,Newcastle United,X,X,1,1,2-3,16,5,0.64,0.36,3,2,702,400,0.91,0.82,10,10,0,1,0,0,0,0,2,3,RPatrisio,GMpoli,KKonti,RSais,MKillman,RNeves,NSemedo,LNtentonker,PNeto,DPodense,PXimenes, KDarlow,JMurphey,JLaslels,FFernantez,FSir,JLiouis,JXentrik,RFreizer,AlSenMaximin,MAlmiron,KOuilson,MolinoStadium,X/X
56,Arsenal,Leicester City,X,2,0,1,0-1,12,6,0.57,0.43,4,2,575,453,0.86,0.81,13,9,3,5,0,0,1,0,9,3,BLeno,Ktierni,GSantosMagk,Dlouiz,EBeyerin,DThempagios,BSaka,GJaka,TPartei,PObameyang,AlLakazet, KSmeichel,TKostanie,OuFofana,JEvans,JJastin,NMenti,KFouks,GTilemans,DPrat,XBarns,JMantison,Emirates,X/2
57,Brighton and Hove Albion,West Bromwich Albion,1,X,1,1,2-3,5,9,0.49,0.51,3,3,473,476,0.80,0.83,14,7,2,0,0,0,2,1,6,2,MRaian,MpOuait,JFeltman,AnteOuemper,TLampei,AntLalana,IvMpisouma,DBern,SMark,NMopai,LTrosar, STzonstooun,DFurlong,MpIvanonits,SAtzayi,KTaounsent,KKalaxer,MPereira,JLivermor,FKrovinovits,GDiangana,KGrad,FarmelStadium,1/X
58,Burnley,Tottenham Hotspur,X,2,0,1,0-1,13,9,0.38,0.62,4,3,364,595,0.74,0.84,9,7,2,0,0,0,4,2,4,5,NPooup,JTarkowski,Klong,MLoouton,TsTaylor,GGountmountson,AsWestwood,JMpraounxil,DMakNil,AsBarns,KWood, OLioris,MDoxerti,TAlntervairelnt,ErDaier,BDavis,PXoibierg,MSisoko,TDompele,Loukas,SonXM,XKein,TerfMour,X/2
59,Wolves,Crystal Palace,1,1,2,0,2-3,15,11,0.49,0.55,5,2,446,552,0.84,0.90,13,4,0,2,0,1,0,2,7,6,RPatrisio,GMpoli,KKonti,MKillman,RNeves,NSemedo,LNtentonker,RAitNouri,PNeto,DPodense,PXimenes, VGouapa,NKlein,TKuyate,SDan,PFanAancholt,JRintevald,LMilivogevits,JSlooup,AntTaounsent,GZaxa,BBatsuayi,MolinoStadium,1/1
60,Sheffield United,Manchester City,2,2,0,1,0-1,3,16,0.35,0.65,1,8,375,715,0.77,0.87,14,6,0,0,0,0,0,2,2,5,AarRamsdal,KMpasam,JIgkan,MLoou,JMpalntok,IthAmpantou,SBerge,MpOzmporn,EntaStivens,RMprouster,OlMakMperny, EntMoraes,GGouoker,RDias,EmLaport,KNteMprouin,BSilva,ErnantethKaskante,FTorres,RSterling,RMachrez,ZKanselo,BramallPark,2/2
61,Burnley,Chelsea,2,2,0,3,2-3,5,14,0.36,0.64,0,9,392,693,0.75,0.87,10,15,1,0,0,0,1,4,3,4,NPooup,JTarkowski,Klong,MLoouton,TsTaylor,DStivens,AsWestwood,JMpraounxil,DMakNil,AsBarns,KWood, EntMenti,RJaims,KZouma,TSilva,MpTsilwell,TEimpraxam,NKante,KXaverts,XZigex,TVerner,MMaount,TerfMour,2/2
62,Liverpool,West Ham,X,1,2,1,2-3,9,4,0.73,0.27,5,3,827,304,0.88,0.69,13,14,0,1,0,0,1,0,1,2,Alison,AlexanderArnolnt,TGomez,NFilips,ARobertson,KJoouns,JXenterson,ZVinaldum,MSalax,RFirmino,SMane, LFabianski,FBalmouena,VKoufal,AnOgbona,AarKresgouel,TSoutsek,DRais,JMpoouen,ArMazouakou,PForlans,SAle,Anfield,X/1
63,Aston Villa,Southampton,2,2,3,4,7+,19,9,0.56,0.44,10,4,371,312,0.74,0.69,12,17,1,2,0,0,2,2,11,1,EmMartines,MKas,EKonsa,TMings,Mtarget,PBarkley,DLouiz,JMakGin,MpTraore,OliWuatkins,JGrilis, AlMacarthi,KGouoker,GVersterguard,GBednarek,RBertrad,SArmstrong,JGouornt,OrRomeou,ThGouolkot,DIngs,TseAdams,VillaPark,2/2
64,Newcastle United,Everton,X,1,2,1,2-3,11,15,0.37,0.63,4,4,369,607,0.77,0.90,9,10,2,4,0,0,1,0,5,4,KDarlow,JMurphey,FSir,FFernantez,JLiouis,JLaslels,JXentrik,MAlmiron,AlSenMaximin,SLongstuff,KOuilson, ROlsen,JKeni,GMina,MKin,NEnkounkou,AmpNtoukoure,Alan,AntGomez,FDelph,DKalvert,GSigourtson,SaidJamesPark,X/1
65,Manchester United,Arsenal,X,2,0,1,0-1,8,7,0.54,0.46,2,2,570,501,0.85,0.85,12,12,3,3,0,0,4,0,6,3,DeXea,AarGouanMpisaka,VLintelof,XMagkouair,LoukSo,PPogba,MakTominei,Fred,MpFernantez,MRasfornt,MGringoud, BLeno,RCholting,GSantosMagk,Ktierni,EBeyerin,TPartei,BSaka,MNeni,Gouilian,PObameyang,AlLakazet,OldTrafford,X/2
66,Tottenham Hotspur,Brighton and Hove Albion,1,1,2,1,2-3,9,6,0.43,0.57,2,1,387,503,0.75,0.80,14,13,2,1,0,0,0,4,4,5,OLioris,MDoxerti,TAlntervairelnt,ErDaier,SRegilon,PXoibierg,MSisoko,TDompele,ErLamela,SonXM,XKein, RSanchez,JFeltman,AnteOuemper,DBern,TLampei,AntLalana,IvMpisouma,SMark,NMopai,LTrosar,MpOuait,WhiteHeartLein,1/1
67,Fulham,West Bromwich Albion,1,1,2,0,2-3,13,10,0.45,0.55,6,1,395,468,0.76,0.79,13,11,3,2,0,0,1,4,5,2,AlAreola,OlaEina,TAntarabagio,GAdersen,AntRobinson,FAngkisa,MLemina,TKernei,BRint,AntLookman,AlMitrovich, STzonstooun,DFurlong,MpIvanonits,SAtzayi,KTaounsent,KKalaxer,MPereira,JLivermor,FKrovinovits,GDiangana,KGrad,CraivenKotatz,1/1
68,Leeds United,Leicester City,2,2,1,4,4-6,11,10,0.68,0.32,4,8,639,302,0.84,0.69,9,5,1,1,0,0,2,0,10,3,IMeslier,LAiling,RKox,LKouper,SDalas,PErnantes,XKosta,JXarison,Mklix,JSakleton,PBamfornt, KSmeichel,KFouks,OuFofana,JJastin,NMenti,LTomas,GTilemans,DPrat,XBarns,JVardy,MOlbrighton,EladRoount,2/2
69,Brighton and Hove Albion,Burnley,X,X,0,0,0-1,19,4,0.59,0.41,3,1,530,376,0.82,0.75,11,5,1,0,0,0,1,1,5,3,MRaian,MpOuait,JFeltman,AnteOuemper,TLampei,AntLalana,IvMpisouma,PGross,DBern,NMopai,DGouelmpek, NPooup,JTarkowski,MpMi,MLoouton,TsTaylor,RMpeinti,AsWestwood,JMpraounxil,DMakNil,AsBarns,KWood,FarmelStadium,X/X
70,Southampton,Newcastle United,1,1,2,0,2-3,15,4,0.61,0.39,8,2,561,360,0.82,0.75,12,11,1,2,0,0,4,1,7,3,AlMacarthi,KGouoker,GVersterguard,GBednarek,JStivens,SArmstrong,JGouornt,OrRomeou,MTzenepo,ThGouolkot,TseAdams, KDarlow,JLaslels,FSir,FFernantez,JLiouis,JMurphey,JXentrik,MAlmiron,AlSenMaximin,SLongstuff,KOuilson,SaidMerryStadium,1/1
71,Everton,Manchester United,2,2,1,3,4-6,7,13,0.55,0.45,1,5,523,453,0.84,0.81,12,19,4,2,0,0,3,1,5,2,JPikfornt,SKooulman,MXolgate,MKin,LNtini,AmpNtoukoure,Alan,GSigourtson,Bernard,DKalvert,XRodriguez, DeXea,AarGouanMpisaka,VLintelof,XMagkouair,LoukSo,Fred,MakTominei,XMata,MpFernantez,MRasfornt,AntMarsial,WoodisonPark,2/2 
72,Crystal Palace,Leeds United,1,1,4,1,4-6,10,9,0.35,0.65,6,3,332,599,0.73,0.82,9,16,0,2,0,0,1,1,3,6,VGouapa,NKlein,TKuyate,SDan,PFanAancholt,AntTaounsent,JMacarthur,JRintevald,EEze,GZaxa,GAyiou, IMeslier,LAiling,RKox,LKouper,SDalas,RStrujik,XKosta,JXarison,Mklix,EzAlionski,PBamfornt,SelcherstPark,1/1
73,Chelsea,Sheffield United,1,1,4,1,4-6,20,6,0.71,0.29,9,3,762,320,0.87,0.69,5,14,0,2,0,0,1,1,6,7,EntMenti,RJaims,KZouma,TSilva,MpTsilwell,MKovasits,NKante,MMaount,XZigex,TVerner,TEimpraxam, AarRamsdal,KMpasam,JIgkan,MLoou,JMpalntok,OlNorgount,SBerge,JLanstram,EntaStivens,RMprouster,RMprouster,StaffordBridge,1/1
74,West Ham,Fulham,X,1,1,0,0-1,16,13,0.53,0.47,7,3,506,460,0.88,0.83,10,9,2,2,0,0,3,2,9,5,LFabianski,FBalmouena,VKoufal,AnOgbona,AarKresgouel,TSoutsek,DRais,JMpoouen,ArMazouakou,PForlans,ASle, AlAreola,OlaEina,TAntarabagio,GAdersen,AntRobinson,FAngkisa,XRint,TKernei,BRint,AntLookman,AlMitrovich,UptonPark,X/1
75,West Bromwich Albion,Tottenham Hotspur,X,2,0,1,0-1,12,19,0.41,0.59,2,5,340,508,0.66,0.78,17,12,1,0,0,0,1,1,9,6,STzonstooun,DFurlong,SAtzayi,KBartlei,DOsi,KTaounsent,KKalaxer,JLivermor,FKrovinovits,KGrad,KRobinson, OLioris,MDoxerti,TAlntervairelnt,ErDaier,SRegilon,PXoibierg,MSisoko,TDompele,GBail,SonXM,XKein,Chothorns,X/2
76,Leicester City,Wolves,1,1,1,0,0-1,10,8,0.49,0.51,3,2,492,505,0.82,0.82,12,8,2,3,0,0,0,0,6,3,KSmeichel,KFouks,OuFofana,JJastin,NMenti,JEvans,GTilemans,DPrat,LTomas,JVardy,JMantison, RPatrisio,GMpoli,KKonti,MKillman,RNeves,NSemedo,LNtentonker,RAitNouri,PNeto,DPodense,PXimenes,KingPower,1/1
77,Manchester City,Liverpool,X,X,1,1,2-3,7,10,0.55,0.45,2,3,555,459,0.85,0.81,19,11,3,1,0,0,2,5,1,2,EntMoraes,GGouoker,RDias,EmLaport,KNteMprouin,IllGountogkan,ErnantethKaskante,FTorres,RSterling,GJessus,ZKanselo, Alison,AlexanderArnolnt,TGomez,ZMatip,ARobertson,DZota,JXenterson,ZVinaldum,MSalax,RFirmino,SMane,MainRoad,X/X
78,Arsenal,Aston Villa,2,2,0,3,2-3,13,15,0.59,0.41,2,6,538,378,0.85,0.77,11,13,0,0,0,0,1,1,3,8,BLeno,Ktierni,GSantosMagk,RCholting,EBeyerin,MNeni,BSaka,Gouilian,TPartei,PObameyang,AlLakazet, EmMartines,MKas,EKonsa,TMings,Mtarget,PBarkley,DLouiz,JMakGin,MXasan,OliWuatkins,JGrilis,Emirates,2/2
79,Newcastle United,Chelsea,2,2,0,2,2-3,8,14,0.29,0.71,1,3,287,746,0.73,0.89,11,12,2,0,0,0,2,2,7,4,KDarlow,XMankigio,KKlark,FFernantez,JLiouis,JLaslels,JMurphey,IsXeinten,AlSenMaximin,SLongstuff,Zoelinton, EntMenti,RJaims,KZouma,AntRiountigker,MpTsilwell,MKovasits,NKante,MMaount,XZigex,TVerner,TEimpraxam,SaidJamesPark,2/2
80,Aston Villa,Brighton and Hove Albion,2,2,1,2,2-3,15,7,0.56,0.44,4,3,457,385,0.83,0.81,5,18,2,1,0,1,2,0,12,3,EmMartines,MKas,EKonsa,TMings,Mtarget,PBarkley,DLouiz,JMakGin,MXasan,OliWuatkins,JGrilis, MRaian,MpOuait,LNtang,AnteOuemper,TLampei,AntLalana,IvMpisouma,PGross,SMark,NMopai,DGouelmpek,VillaPark,2/2
81,Tottenham Hotspur,Manchester City,1,1,2,0,2-3,4,22,0.33,0.67,2,5,318,599,0.73,0.88,13,19,2,2,0,0,1,2,0,10,OLioris,SOrie,TAlntervairelnt,ErDaier,SRegilon,PXoibierg,MSisoko,TDompele,SBerxvein,SonXM,XKein, EntMoraes,GGouoker,RDias,EmLaport,KNteMprouin,BSilva,ErnantethKaskante,FTorres,RMachrez,GJessus,ZKanselo,WhiteHeartLein,1/1
82,Manchester United,West Bromwich Albion,X,1,1,0,0-1,17,7,0.64,0.36,7,2,663,385,0.84,0.77,12,17,1,1,0,0,1,1,8,2,DeXea,AarGouanMpisaka,VLintelof,XMagkouair,AlTeles,Fred,NMatits,XMata,MpFernantez,MRasfornt,AntMarsial, STzonstooun,DFurlong,SAtzayi,KBartlei,MpIvanonits,KTaounsent,KKalaxer,GDiangana,MPereira,KGrad,RSoyers,OldTrafford,X/1
83,Fulham,Everton,2,2,2,3,4-6,14,9,0.55,0.45,6,7,620,517,0.84,0.77,14,10,2,0,0,0,2,3,2,5,AlAreola,OlaEina,TAntarabagio,GAdersen,AntRobinson,MLemina,XRint,BRint,AntLookman,IvKavaliero,RLoftusTsik, JPikfornt,MpGontfe,GMina,MKin,LNtini,AmpNtoukoure,Alan,AlIvompi,Risarlison,DKalvert,XRodriguez,CraivenKotatz,2/2
84,Sheffield United,West Ham,X,2,0,1,0-1,9,15,0.51,0.49,5,3,517,497,0.80,0.79,7,6,0,0,0,0,4,2,2,6,AarRamsdal,KMpasam,JIgkan,IthAmpantou,JMpalntok,OlNorgount,SBerge,MLoou,JFlek,DMakGoldrich,OlMakMperny, LFabianski,FBalmouena,VKoufal,AnOgbona,AarKresgouel,TSoutsek,DRais,JMpoouen,ArMazouakou,PForlans,ASle,BramallPark,X/2
85,Leeds United,Arsenal,X,X,0,0,0-1,25,9,0.67,0.33,4,2,610,310,0.85,0.70,9,8,3,0,0,1,0,2,5,3,IMeslier,LAiling,RKox,LKouper,EzAlionski,KFilips,SDalas,JXarison,Mklix,Rafinha,PBamfornt, BLeno,Ktierni,GSantosMagk,RCholting,EBeyerin,DThempagios,GJaka,Gouilian,JGouilok,PObameyang,NPepe,EladRoount,X/X
86,Liverpool,Leicester City,1,1,3,0,2-3,24,11,0.57,0.43,13,4,572,441,0.85,0.78,15,6,0,2,0,0,2,1,10,3,Alison,JMilner,ZMatip,Fabinio,ARobertson,KJoouns,NKeita,ZVinaldum,DZota,RFirmino,SMane, KSmeichel,KFouks,OuFofana,JJastin,NMenti,JEvans,GTilemans,MOlbrighton,XBarns,JVardy,JMantison,Anfield,1/1
87,Burnley,Crystal Palace,1,1,1,0,0-1,10,15,0.46,0.54,4,5,409,459,0.72,0.76,13,9,2,0,0,0,2,2,4,7,NPooup,JTarkowski,MpMi,MLoouton,TsTaylor,GGountmountson,AsWestwood,JMpraounxil,DMakNil,JRontriguez,KWood, VGouapa,NKlein,TKuyate,SDan,PFanAancholt,AntTaounsent,JMacarthur,JRintevald,EEze,MMpatsouagi,GAyiou,TerfMour,1/1
88,Wolves,Southampton,X,X,1,1,2-3,20,7,0.45,0.55,9,2,416,516,0.80,0.81,14,14,2,0,0,0,2,1,7,4,RPatrisio,GMpoli,MKillman,RAitNouri,RNeves,NSemedo,LNtentonker,ZMoutinhio,AntTraore,DPodense,PXimenes, AlMacarthi,KGouoker,GVersterguard,GBednarek,RBertrad,SArmstrong,JGouornt,OrRomeou,MTzenepo,ThGouolkot,TseAdams,MolinoStadium,X/X
89,Crystal Palace,Newcastle United,X,2,0,2,2-3,12,14,0.58,0.42,3,7,503,375,0.82,0.73,9,10,2,2,0,0,0,0,7,3,VGouapa,NKlein,PFanAancholt,SDan,GKeixil,AntTaounsent,JMacarthur,TKuyate,EEze,JSlooup,GAyiou, KDarlow,XMankigio,KKlark,FFernantez,JLiouis,MAlmiron,JSelvei,JXentrik,KOuilson,SLongstuff,Zoelinton,SelcherstPark,X/2
90,Brighton and Hove Albion,Liverpool,X,X,1,1,2-3,11,6,0.40,0.60,3,2,352,526,0.77,0.81,9,13,2,1,0,0,2,2,4,3,MRaian,MpOuait,LNtang,AnteOuemper,JFeltman,PGross,IvMpisouma,DGouelmpek,SMark,NMopai,AarKonoli, Alison,NGouiliams,NFilips,Fabinio,ARobertson,TMitamino,JMilner,ZVinaldum,DZota,RFirmino,MSalax,FarmelStadium,X/X
91,Manchester City,Burnley,1,1,5,0,4-6,19,9,0.69,0.31,6,1,720,315,0.89,0.73,12,4,0,0,0,0,2,2,6,4,EntMoraes,GGouoker,RDias,JStones,KNteMprouin,IllGountogkan,ErnantethKaskante,FTorres,MpMenti,GJessus,RMachrez, MpPikokFarel,JTarkowski,MpMi,MLoouton,TsTaylor,JMpenson,AsWestwood,AsBarns,DMakNil,JRontriguez,KWood,MainRoad,1/1
92,Everton,Leeds United,X,2,0,1,0-1,15,23,0.41,0.59,8,6,391,542,0.78,0.83,8,14,1,2,0,0,2,6,4,2,JPikfornt,MpGontfe,MXolgate,MKin,TDavis,AmpNtoukoure,Alan,AlIvompi,Risarlison,DKalvert,XRodriguez, IMeslier,LAiling,RKox,LKouper,EzAlionski,KFilips,SDalas,JXarison,Mklix,Rafinha,PBamfornt,WoodisonPark,X/2
93,West Bromwich Albion,Sheffield United,1,1,1,0,0-1,17,21,0.48,0.52,6,5,380,402,0.78,0.80,10,9,2,3,0,0,2,2,14,9,STzonstooun,DFurlong,SAtzayi,KBartlei,MpIvanonits,KKalaxer,MPereira,KTaounsent,RSoyers,KGrad,KRobinson, AarRamsdal,KMpasam,JIgkan,KBraian,JMpalntok,OlNorgount,SBerge,MLoou,JFlek,OlBerk,OlMakMperny,Chothorns,1/1
94,Southampton,Manchester United,1,2,2,3,4-6,10,15,0.49,0.51,5,6,525,519,0.79,0.80,12,12,1,0,0,0,0,0,5,9,AlMacarthi,KGouoker,GVersterguard,GBednarek,RBertrad,SArmstrong,JGouornt,OrRomeou,MTzenepo,ThGouolkot,TseAdams, DeXea,AarGouanMpisaka,VLintelof,XMagkouair,AlTeles,Fred,NMatits,DFanDBeik,MpFernantez,MRasfornt,MGringoud,SaidMerryStadium,1/2
95,Chelsea,Tottenham Hotspur,X,X,0,0,0-1,13,5,0.61,0.39,3,1,657,438,0.89,0.80,20,9,4,2,0,0,3,1,3,3,EntMenti,RJaims,KZouma,TSilva,MpTsilwell,MKovasits,NKante,MMaount,XZigex,TVerner,TEimpraxam, OLioris,SOrie,JRonton,ErDaier,SRegilon,PXoibierg,MSisoko,TDompele,SBerxvein,SonXM,XKein,StaffordBridge,X/X
96,Arsenal,Wolves,2,2,1,2,2-3,13,11,0.57,0.43,2,5,494,405,0.85,0.80,13,13,3,4,0,0,2,0,8,4,BLeno,Ktierni,GSantosMagk,DLouiz,EBeyerin,DThempagios,GJaka,Gouilian,BSaka,PObameyang,JGouilok, RPatrisio,GMpoli,KKonti,FMarsal,PNeto,NSemedo,LNtentonker,ZMoutinhio,AntTraore,DPodense,PXimenes,Emirates,2/2
97,Leicester City,Fulham,2,2,1,2,2-3,16,10,0.68,0.32,3,5,666,317,0.86,0.70,9,21,0,2,0,0,0,0,6,5,KSmeichel,KFouks,OuFofana,JJastin,NMenti,JEvans,GTilemans,LTomas,DPrat,JVardy,JMantison, AlAreola,OlaEina,TAntarabagio,GAdersen,AntRobinson,FAngkisa,XRint,BRint,AntLookman,IvKavaliero,RLoftusTsik,KingPower,2/2
98,West Ham,Aston Villa,X,1,2,1,2-3,6,16,0.34,0.66,2,6,272,518,0.63,0.83,20,7,1,1,0,0,1,3,3,7,LFabianski,FBalmouena,VKoufal,AnOgbona,AarKresgouel,TSoutsek,DRais,JMpoouen,ArMazouakou,PForlans,MAntonio, EmMartines,MKas,EKonsa,TMings,Mtarget,KXourixein,DLouiz,JMakGin,MXasan,OliWuatkins,JGrilis,UptonPark,X/1
99,Burnley,Everton,X,X,1,1,2-3,8,13,0.41,0.59,3,6,396,581,0.78,0.82,6,9,0,0,0,0,0,3,8,4,NPooup,JTarkowski,MpMi,MLoouton,TsTaylor,RMpeinti,AsWestwood,JMpraounxil,DMakNil,JRontriguez,KWood, JPikfornt,MpGontfe,GMina,MKin,FDelph,AmpNtoukoure,Alan,AlIvompi,Risarlison,DKalvert,XRodriguez,TerfMour,X/X
100,Manchester City,Fulham,1,1,2,0,2-3,15,6,0.69,0.31,5,1,793,351,0.89,0.78,7,6,0,0,0,0,1,1,9,3,EntMoraes,ZKanselo,RDias,JStones,KNteMprouin,IllGountogkan,ErnantethKaskante,RSterling,MpMenti,GJessus,RMachrez, AlAreola,OlaEina,TAntarabagio,GAdersen,AntRobinson,FAngkisa,XRint,BRint,AntLookman,IvKavaliero,RLoftusTsik,MainRoad,1/1
101,West Ham,Manchester United,1,2,1,3,4-6,19,15,0.39,0.61,6,6,392,631,0.78,0.86,9,10,0,0,0,0,4,3,5,4,LFabianski,FBalmouena,VKoufal,AnOgbona,AarKresgouel,TSoutsek,DRais,JMpoouen,ArMazouakou,PForlans,ASle, DXederson,AarGouanMpisaka,VLintelof,XMagkouair,AlTeles,PPogba,SMakTominei,DFanDBeik,MGringoud,EntKavani,AntMarsial,UptonPark,1/2
102,Chelsea,Leeds United,X,1,3,1,4-6,23,8,0.45,0.55,11,3,408,481,0.77,0.82,12,9,0,2,0,0,1,4,8,4,EntMenti,RJaims,KZouma,TSilva,MpTsilwell,KXaverts,NKante,MMaount,XZigex,TVerner,OlZirou, IMeslier,LAiling,RKox,LKouper,EzAlionski,KFilips,SDalas,JXarison,Mklix,Rafinha,PBamfornt,StaffordBridge,X/1
103,West Bromwich Albion,Crystal Palace,X,2,1,5,4-6,9,18,0.51,0.49,4,7,495,495,0.86,0.88,10,16,2,2,1,0,2,3,4,6,STzonstooun,DFurlong,SAtzayi,KBartlei,MpIvanonits,KKalaxer,MPereira,Mfilips,RSoyers,GDiangana,KGrad, VGouapa,NKlein,PFanAancholt,LMilivogevits,GKeixil,GZaxa,JMacarthur,TKuyate,EEze,JSlooup,KBenteke,Chothorns,X/2
104,Sheffield United,Leicester City,X,2,1,2,2-3,4,13,0.29,0.71,1,4,273,674,0.66,0.85,13,6,1,3,0,0,4,4,6,5,AarRamsdal,KMpasam,MLoou,KBraian,JMpalntok,JIgkan,JLanstram,SBerge,JFlek,OlMakMperny,OlBerk, KSmeichel,KFouks,OuFofana,JJastin,NMenti,JEvans,GTilemans,MOlbrighton,APereth,JVardy,JMantison,BramallPark,X/2
105,Tottenham Hotspur,Arsenal,1,1,2,0,2-3,5,11,0.30,0.70,3,2,288,632,0.67,0.86,16,12,1,2,0,0,1,0,3,9,OLioris,SOrie,TAlntervairelnt,ErDaier,SRegilon,PXoibierg,MSisoko,SBerxvein,XloSeslo,SonXM,XKein, BLeno,Ktierni,GSantosMagk,RCholting,EBeyerin,TPartei,GJaka,Gouilian,BSaka,PObameyang,AlLakazet,WhiteHeartLein,1/1
106,Liverpool,Wolves,1,1,4,0,4-6,11,9,0.61,0.39,6,3,626,395,0.90,0.84,8,14,1,1,0,0,1,3,4,6,Alison,NGouiliams,ZMatip,Fabinio,ARobertson,KJoouns,JXenterson,ZVinaldum,MSalax,RFirmino,SMane, RPatrisio,GMpoli,FMarsal,KKonti,RNeves,NSemedo,LNtentonker,ZMoutinhio,AntTraore,DPodense,PNeto,Anfield,1/1
107,Brighton and Hove Albion,Southampton,X,2,1,2,2-3,12,10,0.47,0.53,4,3,377,420,0.73,0.75,12,12,3,3,0,0,2,3,4,3,MRaian,MpOuait,LNtang,AnteOuemper,TLampei,JFeltman,IvMpisouma,PGross,SMark,AarKonoli,DGouelmpek, AlMacarthi,KGouoker,GVersterguard,GBednarek,RBertrad,SArmstrong,JGouornt,OrRomeou,MTzenepo,ThGouolkot,TseAdams,FarmelStadium,X/2
108,Leeds United,West Ham,X,2,1,2,2-3,13,19,0.64,0.36,7,8,544,296,0.85,0.68,12,10,1,2,0,0,2,0,5,6,IMeslier,LAiling,Rodringuo,LKouper,EzAlionski,KFilips,SDalas,JXarison,Mklix,Rafinha,PBamfornt, LFabianski,FBalmouena,VKoufal,AnOgbona,AarKresgouel,TSoutsek,DRais,JMpoouen,SMpenraxma,PForlans,SAle,EladRoount,X/2
109,Wolves,Aston Villa,X,2,0,1,0-1,16,13,0.51,0.49,7,2,348,331,0.76,0.76,23,15,2,5,1,1,0,2,5,8,RPatrisio,RSais,FMarsal,KKonti,SoaresSilva,NSemedo,LNtentonker,ZMoutinhio,AntTraore,DPodense,PNeto, EmMartines,MKas,EKonsa,TMings,Mtarget,JRamsey,DLouiz,JMakGin,MpTraore,OliWuatkins,JGrilis,MolinoStadium,X/2
110,Newcastle United,West Bromwich Albion,1,1,2,1,2-3,12,13,0.45,0.55,7,3,401,484,0.80,0.80,9,12,2,3,0,0,3,2,4,3,KDarlow,EmCraft,KKlark,IsXeinten,JLiouis,MAlmiron,JSelvei,MRitsi,KOuilson,SLongstuff,Zoelinton, STzonstooun,DOntoi,SAtzayi,MpIvanonits,DFurlong,KKalaxer,FKrovinovits,Mfilips,RSoyers,KRobinson,KGrad,SaidJamesPark,1/1
111,Manchester United,Manchester City,X,X,0,0,0-1,11,9,0.46,0.54,2,2,502,579,0.85,0.86,13,6,1,1,0,0,2,2,4,3,DeXea,AarGouanMpisaka,VLintelof,XMagkouair,LoukSo,PPogba,MakTominei,Fred,MpFernantez,MRasfornt,MGringoud, EntMoraes,ZKanselo,RDias,JStones,KNteMprouin,KGouoker,ErnantethKaskante,RSterling,Fernantinhio,GJessus,RMachrez,OldTrafford,X/X
112,Everton,Chelsea,1,1,1,0,0-1,9,10,0.28,0.72,4,3,241,639,0.67,0.84,10,11,2,3,0,0,4,1,6,6,JPikfornt,MpGontfe,GMina,MKin,MXolgate,AmpNtoukoure,Alan,AlIvompi,Risarlison,DKalvert,GSigourtson, EntMenti,RJaims,KZouma,TSilva,MpTsilwell,KXaverts,NKante,MMaount,MKovasits,TVerner,OlZirou,WoodisonPark,1/1
113,Southampton,Sheffield United,1,1,3,0,2-3,16,3,0.69,0.31,6,0,572,259,0.85,0.69,8,14,0,1,0,0,3,0,8,4,AlMacarthi,KGouoker,GVersterguard,GBednarek,RBertrad,SArmstrong,JGouornt,OrRomeou,DIngs,ThGouolkot,TseAdams, AarRamsdal,KMpasam,FTsagkielka,EntaStivens,JMpalntok,JIgkan,IthAmpantou,SBerge,JFlek,OlMakMperny,BSarp,SaidMerryStadium,1/1
114,Crystal Palace,Tottenham Hotspur,2,X,1,1,2-3,16,14,0.42,0.58,5,6,344,457,0.79,0.79,15,11,1,1,0,0,4,0,4,7,VGouapa,NKlein,TKuyate,GKeixil,PFanAancholt,LMilivogevits,JMacarthur,EEze,JSlooup,GZaxa,KBenteke, OLioris,SOrie,TAlntervairelnt,ErDaier,SRegilon,PXoibierg,MSisoko,SBerxvein,TDompele,SonXM,XKein,SelcherstPark,2/X
115,Fulham,Liverpool,1,X,1,1,2-3,10,12,0.25,0.75,5,6,231,702,0.66,0.86,9,5,3,1,0,0,2,2,6,8,AlAreola,OlaEina,TAntarabagio,GAdersen,AntRobinson,MLemina,FAngkisa,BRint,RTsik,AntLookman,IvKavaliero, Alison,AlexanderArnolnt,ZMatip,Fabinio,ARobertson,KJoouns,JXenterson,ZVinaldum,MSalax,RFirmino,SMane,CraivenKotatz,1/X
116,Leicester City,Brighton and Hove Albion,1,1,3,0,2-3,15,12,0.55,0.45,6,4,516,428,0.86,0.81,9,11,2,1,0,0,4,1,9,5,KSmeichel,KFouks,OuFofana,JJastin,GNtinti,JEvans,GTilemans,MOlbrighton,APereth,JVardy,JMantison, MRaian,MpOuait,LNtang,DBern,JFeltman,PGross,IvMpisouma,DGouelmpek,SMark,NMopai,AlJaxanmpanks,KingPower,1/1
117,Arsenal,Burnley,X,2,0,1,0-1,18,10,0.65,0.35,6,2,554,304,0.83,0.72,5,11,2,1,1,0,3,3,13,4,BLeno,Ktierni,GSantosMagk,RCholting,EBeyerin,MNeni,GJaka,Gouilian,BSaka,PObameyang,AlLakazet, NPooup,JTarkowski,MpMi,MLoouton,TsTaylor,RMpeinti,AsWestwood,JMpraounxil,DMakNil,JRontriguez,KWood,Emirates,X/2 
118,Wolves,Chelsea,X,1,2,1,2-3,12,13,0.44,0.56,4,3,410,489,0.79,0.85,12,12,2,2,0,0,1,0,5,6,RPatrisio,GMpoli,KKonti,RSais,RNeves,NSemedo,LNtentonker,FMarsal,PNeto,DPodense,SoaresSilva, EntMenti,RJaims,KZouma,TSilva,MpTsilwell,OlZirou,NKante,KXaverts,KPoulisits,TVerner,MMaount,MolinoStadium,X/1
119,Manchester City,West Bromwich Albion,X,X,1,1,2-3,26,5,0.77,0.23,7,1,742,225,0.90,0.59,5,8,2,3,0,0,3,2,13,2,EntMoraes,NAke,RDias,MpMenti,KNteMprouin,GJessus,ErnantethKaskante,FFonten,RSterling,IllGountogkan,ZKanselo, STzonstooun,DFurlong,SAtzayi,KGibs,DOsi,KKalaxer,JLivermor,MFilips,RSoyers,GDiangana,KGrad,MainRoad,X/X
120,Arsenal,Southampton,2,X,1,1,2-3,9,13,0.35,0.65,4,3,334,617,0.77,0.86,13,13,1,3,1,0,1,1,2,7,BLeno,RCholting,GSantosMagk,Ktierni,DThempagios,EMeitland,BSaka,MNeni,NPepe,PObameyang,EntiNKeita, AlMacarthi,KGouoker,GVersterguard,GBednarek,RBertrad,SArmstrong,JGouornt,OrRomeou,DIngs,ThGouolkot,TseAdams,Emirates,2/X
121,Leeds United,Newcastle United,X,1,5,2,7+,25,10,0.69,0.31,10,4,521,242,0.83,0.66,10,13,3,1,0,0,4,2,7,4,IMeslier,LAiling,EzAlionski,LKouper,SDalas,KFilips,Rodringuo,JXarison,Mklix,Rafinha,PBamfornt, KDarlow,JMurphey,KKlark,FFernantez,JLiouis,RFreizer,JXentrik,IsXeinten,Zoelinton,SLongstuff,KOuilson,EladRoount,X/1
122,Leicester City,Everton,2,2,0,2,2-3,14,11,0.61,0.39,2,6,543,344,0.84,0.76,12,9,2,3,0,0,2,2,4,6,KSmeichel,KFouks,OuFofana,JJastin,GNtinti,XBarns,GTilemans,NMenti,JOunter,JVardy,JMantison, JPikfornt,MpGontfe,GMina,MKin,MXolgate,AmpNtoukoure,Alan,AlIvompi,Risarlison,DKalvert,GSigourtson,KingPower,2/2
123,Fulham,Brighton and Hove Albion,X,X,0,0,0-1,9,9,0.46,0.54,4,4,425,480,0.73,0.72,15,11,1,0,0,0,1,2,1,8,AlAreola,OlaEina,TAntarabagio,GAdersen,AntRobinson,FAngkisa,XRint,RLoftusTsik,BRint,AntLookman,IvKavaliero, RSanchez,MpOuait,LNtang,AnteOuemper,TLampei,AntLalana,IvMpisouma,SAlsate,LTrosar,SMark,DGouelmpek,CraivenKotatz,X/X
124,Liverpool,Tottenham Hotspur,X,1,2,1,2-3,17,8,0.76,0.24,11,2,807,250,0.88,0.60,8,9,0,2,0,0,2,0,7,4,Alison,AlexanderArnolnt,RWilliams,Fabinio,ARobertson,KJoouns,JXenterson,ZVinaldum,MSalax,RFirmino,SMane, OLioris,SOrie,TAlntervairelnt,ErDaier,BDavis,PXoibierg,MSisoko,XloSeslo,SBerxvein,SonXM,XKein,Anfield,X/1
125,West Ham,Crystal Palace,2,X,1,1,2-3,9,8,0.52,0.48,2,2,429,415,0.85,0.76,8,12,0,1,0,1,0,0,5,3,LFabianski,IsaDiop,VKoufal,AnOgbona,AarKresgouel,TSoutsek,DRais,JMpoouen,SMpenraxma,PForlans,SAle, VGouapa,JOuornt,TKuyate,SDan,PFanAancholt,JSlooup,LMilivogevits,JMacarthur,EEze,GZaxa,KBenteke,UptonPark,2/X
126,Aston Villa,Burnley,X,X,0,0,0-1,27,6,0.60,0.40,7,4,383,269,0.72,0.60,17,19,1,1,0,0,1,2,10,1,EmMartines,AxElmoxamanti,KHause,TMings,Mtarget,MNakampa,AnElGkazi,JMakGin,MpTraore,OliWuatkins,JGrilis, NPooup,JTarkowski,MpMi,MLoouton,TsTaylor,RMpeinti,AsWestwood,JMpraounxil,DMakNil,JRontriguez,KWood,VillaPark,X/X
127,Sheffield United,Manchester United,2,2,2,3,4-6,12,14,0.40,0.60,6,8,362,543,0.73,0.83,17,8,3,2,0,0,2,4,6,3,AarRamsdal,KMpasam,JIgkan,JRobinson,JMpalntok,IthAmpantou,SBerge,JFlek,EntaStivens,OlBerk,DGoldrich, DXederson,AarGouanMpisaka,VLintelof,XMagkouair,AlTeles,PPogba,NMatits,AntMarsial,MpFernantez,MRasfornt,MGringoud,BramallPark,2/2
128,Crystal Palace,Liverpool,2,2,0,7,7+,5,14,0.34,0.66,3,8,374,724,0.74,0.87,5,11,1,0,0,0,7,0,5,4,VGouapa,NKlein,TKuyate,GKeixil,PFanAancholt,JSlooup,LMilivogevits,JMacarthur,EEze,GZaxa,GAyiou, Alison,AlexanderArnolnt,ZMatip,Fabinio,ARobertson,NKeita,JXenterson,ZVinaldum,TMitamino,RFirmino,SMane,SelcherstPark,2/2
129,Southampton,Manchester City,2,2,0,1,0-1,9,11,0.48,0.52,3,5,496,544,0.82,0.85,9,11,2,2,0,0,3,2,6,6,AlMacarthi,KGouoker,GVersterguard,GBednarek,RBertrad,MTzenepo,JGouornt,OrRomeou,DIngs,ThGouolkot,TseAdams, EntMoraes,JStones,RDias,KGouoker,KNteMprouin,BSilva,ErnantethKaskante,FFonten,RSterling,IllGountogkan,ZKanselo,SaidMerryStadium,2/2
130,Everton,Arsenal,1,1,2,1,2-3,9,13,0.42,0.58,2,2,399,548,0.80,0.88,9,9,1,3,0,0,1,0,4,3,JPikfornt,MpGontfe,GMina,MKin,MXolgate,AmpNtoukoure,TDavis,AlIvompi,Risarlison,DKalvert,GSigourtson, BLeno,RCholting,DLouiz,Ktierni,DThempagios,EMeitland,BSaka,MNeni,NPepe,Gouilian,EntiNKeita,WoodisonPark,1/1
131,Newcastle United,Fulham,2,X,1,1,2-3,12,11,0.49,0.51,5,4,461,477,0.81,0.81,7,17,1,3,0,1,1,0,2,9,KDarlow,JMurphey,KKlark,FFernantez,JLiouis,RFreizer,JXentrik,IsXeinten,Zoelinton,SLongstuff,KOuilson, AlAreola,OlaEina,TAntarabagio,GAdersen,AntRobinson,FAngkisa,XRint,RLoftusTsik,BRint,AntLookman,IvKavaliero,SaidJamesPark,2/X
132,Brighton and Hove Albion,Sheffield United,X,X,1,1,2-3,21,5,0.73,0.27,5,3,527,203,0.84,0.65,9,11,1,5,0,1,1,2,14,2,RSanchez,MpOuait,LNtang,AnteOuemper,JFeltman,AntLalana,IvMpisouma,NMopai,LTrosar,SMark,AarKonoli, AarRamsdal,KMpasam,JIgkan,JRobinson,JMpalntok,IthAmpantou,JLanstram,JFlek,EntaStivens,RMprouster,DMakGoldrich,FarmelStadium,X/X
133,Tottenham Hotspur,Leicester City,2,2,0,2,2-3,8,17,0.57,0.43,3,4,507,401,0.79,0.79,15,14,2,2,0,0,2,4,5,3,OLioris,SOrie,TAlntervairelnt,ErDaier,SRegilon,PXoibierg,MSisoko,XloSeslo,TDompele,SonXM,XKein, KSmeichel,JEvans,OuFofana,JJastin,TKostanie,GNtinti,GTilemans,XBarns,MOlbrighton,JVardy,JMantison,WhiteHeartLein,2/2
134,Manchester United,Leeds United,1,1,6,2,7+,26,17,0.41,0.59,14,3,347,471,0.76,0.83,6,6,1,0,0,0,2,4,11,13,DeXea,AarGouanMpisaka,VLintelof,XMagkouair,LoukSo,DJaims,MakTominei,Fred,MpFernantez,MRasfornt,AntMarsial, IMeslier,LAiling,EzAlionski,LKouper,SDalas,KFilips,Rodringuo,JXarison,Mklix,Rafinha,PBamfornt,OldTraford,1/1
135,West Bromwich Albion,Aston Villa,2,2,0,3,2-3,1,19,0.32,0.68,1,10,279,569,0.68,0.85,14,8,1,2,1,0,1,4,1,7,STzonstooun,DFurlong,SAtzayi,KGibs,DOsi,KKalaxer,JLivermor,MFilips,RSoyers,GDiangana,KGrad,  EmMartines,MKas,EKonsa,TMings,Mtarget,PBarkley,DLouiz,JMakGin,MpTraore,OliWuatkins,JGrilis,Chothorns,2/2
136,Burnley,Wolves,1,1,2,1,2-3,10,15,0.36,0.64,4,3,259,460,0.65,0.83,11,15,2,1,0,0,1,2,1,7,NPooup,JTarkowski,Klong,MLoouton,TsTaylor,DStivens,AsWestwood,JMpraounxil,DMakNil,AsBarns,KWood, RPatrisio,GMpoli,KKonti,RSais,RNeves,NSemedo,LNtentonker,FMarsal,PNeto,DPodense,SoaresSilva,TerfMour,1/1
137,Chelsea,West Ham,1,1,3,0,2-3,11,6,0.54,0.46,7,0,523,438,0.83,0.77,11,6,0,0,0,0,0,4,5,4,EntMenti,RJaims,KZouma,TSilva,MpTsilwell,OlZirou,NKante,KXaverts,KPoulisits,TVerner,MMaount, LFabianski,IsaDiop,VKoufal,AnOgbona,AarKresgouel,TSoutsek,DRais,JMpoouen,SMpenraxma,PForlans,SAle,StaffordBridge,1/1
138,Leicester City,Manchester United,X,X,2,2,4-6,10,9,0.55,0.45,2,4,507,439,0.79,0.79,10,17,2,1,0,0,1,4,5,0,KSmeichel,JEvans,OuFofana,JJastin,TKostanie,GNtinti,GTilemans,XBarns,MOlbrighton,JVardy,JMantison, DeXea,ErMpMpaigi,VLintelof,XMagkouair,LoukSo,DJaims,MakTominei,Fred,MpFernantez,MRasfornt,AntMarsial,KingPower,X/X
139,Aston Villa,Crystal Palace,1,1,3,0,2-3,21,13,0.39,0.61,10,6,295,458,0.71,0.81,18,17,0,4,1,0,1,2,4,4,EmMartines,MKas,KHause,TMings,Mtarget,AnElGkazi,DLouiz,JMakGin,MpTraore,OliWuatkins,JGrilis, VGouapa,SDan,TKuyate,JOuornt,PFanAancholt,JSlooup,LMilivogevits,JMacarthur,EEze,GZaxa,KBenteke,VillaPark,1/1
140,Fulham,Southampton,X,X,0,0,0-1,10,3,0.46,0.54,1,2,331,396,0.72,0.72,15,12,2,0,0,0,1,4,6,3,AlAreola,OlaEina,TAntarabagio,GAdersen,AntRobinson,XRint,RLoftusTsik,BRint,FAngkisa,AntLookman,IvKavaliero, AlMacarthi,KGouoker,JStivens,GBednarek,RBertrad,SArmstrong,JGouornt,OrRomeou,ImpDialo,SLong,TseAdams,CraivenKotatz,X/X
141,Arsenal,Chelsea,1,1,3,1,4-6,15,19,0.40,0.60,7,3,329,483,0.69,0.84,13,10,2,1,0,0,1,0,7,9,BLeno,RCholting,PMari,Ktierni,EkMpegerin,GJaka,BSaka,MNeni,SmithRow,GMartineli,AlLakazet, EntMenti,RJaims,KZouma,TSilva,MpTsilwell,MKovasits,NKante,MMaount,KPoulisits,TVerner,TEimpraxam,Emirates,1/1
142,Manchester City,Newcastle United,1,1,2,0,2-3,11,7,0.76,0.24,6,2,859,262,0.90,0.74,5,12,2,2,0,0,1,3,7,3,EntMoraes,JStones,RDias,KGouoker,KNteMprouin,BSilva,ErnantethKaskante,FFonten,RSterling,IllGountogkan,ZKanselo, KDarlow,JMurphey,KKlark,FFernantez,JLiouis,RFreizer,JXentrik,IsXeinten,Zoelinton,SLongstuff,KOuilson,MainRoad,1/1
143,Sheffield United,Everton,X,2,0,1,0-1,10,7,0.43,0.57,2,3,409,531,0.72,0.79,11,10,2,4,0,0,0,2,5,3,AarRamsdal,KMpasam,JIgkan,JRobinson,JMpalntok,IthAmpantou,MpOzmporn,OlBerk,EntaStivens,RMprouster,DMakGoldrich, JPikfornt,MpGontfe,GMina,MKin,MXolgate,AmpNtoukoure,TDavis,AlIvompi,AntGordon,DKalvert,GSigourtson,BramallPark,X/2
144,Leeds United,Burnley,1,1,1,0,0-1,11,14,0.53,0.47,4,6,420,359,0.74,0.72,8,13,0,3,0,0,3,3,4,12,IMeslier,LAiling,EzAlionski,RStrujik,SDalas,KFilips,Rodringuo,JXarison,Mklix,Rafinha,PBamfornt, NPooup,JTarkowski,MpMi,MLoouton,TsTaylor,ErPeters,AsWestwood,JMpraounxil,JMpenson,AsBarns,KWood,EladRoount,1/1
145,West Ham,Brighton and Hove Albion,2,X,2,2,4-6,11,13,0.43,0.57,4,4,413,562,0.77,0.81,6,8,0,0,0,0,2,1,5,4,LFabianski,FBalmouena,VKoufal,AnOgbona,AarKresgouel,TSoutsek,DRais,MpJohnson,JMpoouen,MNompl,SAle, RSanchez,MpOuait,LNtang,AnteOuemper,DBern,AntLalana,IvMpisouma,NMopai,LTrosar,SMark,DGouelmpek,UptonPark,2/X
146,Liverpool,West Bromwich Albion,1,X,1,1,2-3,17,5,0.79,0.21,2,3,773,213,0.88,0.56,8,5,0,1,0,0,1,5,7,3,Alison,AlexanderArnolnt,ZMatip,Fabinio,ARobertson,KJoouns,JXenterson,ZVinaldum,MSalax,RFirmino,SMane, STzonstooun,DFurlong,SAtzayi,KGibs,DOsi,KKalaxer,KRobinson,MFilips,RSoyers,GDiangana,KGrad,Anfield,1/X
147,Wolves,Tottenham Hotspur,2,X,1,1,2-3,11,6,0.55,0.45,6,3,527,460,0.85,0.78,20,13,4,1,0,0,2,0,9,2,RPatrisio,ZMoutinhio,KKonti,RSais,RNeves,NSemedo,AntTraore,FMarsal,PNeto,DPodense,SoaresSilva, OLioris,DSantchez,BDavis,ErDaier,SRegilon,PXoibierg,XGouinks,MDoxerti,TDompele,SonXM,XKein,MolinoStadium,2/X
148,Crystal Palace,Leicester City,X,X,1,1,2-3,4,17,0.33,0.67,1,3,297,605,0.61,0.81,10,7,0,1,0,0,3,2,2,5,VGouapa,JTomkins,TKuyate,NKlein,TMichel,JSlooup,LMilivogevits,JRintevald,AntTaounsent,GZaxa,KBenteke, KSmeichel,JEvans,DAmartei,JJastin,LTomas,NMenti,XTsountxari,XBarns,DPrat,APereth,KIxeanatso,SelcherstPark,X/X
149,Chelsea,Aston Villa,1,X,1,1,2-3,16,10,0.64,0.36,5,2,548,304,0.83,0.72,16,3,3,1,0,0,1,1,11,4,EntMenti,ThAthlitikoueta,AntKristensen,AntRiountigker,MpTsilwell,Zorzinhio,NKante,MMaount,KPoulisits,OlZirou,KHandsonOntoi, EmMartines,MKas,KHause,EKonsa,Mtarget,JMakGin,DLouiz,AnElGkazi,MpTraore,OliWuatkins,JGrilis,StaffordBridge,1/X
150,Brighton and Hove Albion,Arsenal,X,2,0,1,0-1,13,11,0.49,0.51,2,3,493,510,0.81,0.85,11,4,2,0,0,0,0,0,5,4,RSanchez,JFeltman,LNtang,AnteOuemper,DBern,PGross,IvMpisouma,Bernardo,NtPoper,AlJaxanmpanks,AlMacAlister, BLeno,RCholting,PMari,Ktierni,EkMpegerin,GJaka,BSaka,MNeni,SmithRow,GMartineli,PObameyang,FarmelStadium,X/2
151,Southampton,West Ham,X,X,0,0,0-1,8,9,0.63,0.37,3,3,567,334,0.83,0.70,16,15,3,1,0,0,3,2,4,3,AlMacarthi,KGouoker,JStivens,GBednarek,RBertrad,MTzenepo,JGouornt,OrRomeou,ThGouolkot,DIngs,TseAdams, LFabianski,KNtoson,RFrenteriks,AnOgbona,AarKresgouel,TSoutsek,DRais,AntGiarmolenko,PForlans,MLantsini,SAle,SaidMerryStadium,X/X
152,West Bromwich Albion,Leeds United,2,2,0,5,4-6,4,14,0.24,0.76,1,6,238,749,0.65,0.88,6,10,0,1,0,0,1,1,3,10,STzonstooun,DFurlong,SAtzayi,DOsi,LiPeltie,KKalaxer,KRobinson,MFilips,RSoyers,GDiangana,KGrad, IMeslier,LAiling,EzAlionski,RStrujik,SDalas,KFilips,Rodringuo,JXarison,Mklix,Rafinha,PBamfornt,Chothorns,2/2
153,Burnley,Sheffield United,1,1,1,0,0-1,5,7,0.36,0.64,3,3,316,550,0.69,0.81,13,17,1,2,0,0,2,2,3,5,NPooup,JTarkowski,MpMi,MLoouton,TsTaylor,ErPeters,AsWestwood,JMpraounxil,RMpeinti,AsBarns,KWood, AarRamsdal,KMpasam,JIgkan,JRobinson,JMpalntok,IthAmpantou,MpOzmporn,LMouse,EntaStivens,RMprouster,DMakGoldrich,TerfMour,1/1
154,Manchester United,Wolves,X,1,1,0,0-1,11,9,0.59,0.41,3,5,600,428,0.87,0.81,11,7,1,1,0,0,4,2,2,2,DeXea,AarGouanMpisaka,XMagkouair,ErMpMpaigi,AlTeles,PPogba,NMatits,MpFernantez,MRasfornt,AntMarsial,EntKavani, RPatrisio,MKillman,KKonti,RSais,RNeves,KiGXouver,ZMoutinhio,RAitNouri,PNeto,AntTraore,SoaresSilva,OldTraford,X/1
155,Newcastle United,Liverpool,X,X,0,0,0-1,8,11,0.26,0.86,2,4,240,663,0.66,0.86,9,13,2,3,0,0,2,4,5,12,KDarlow,MRitsi,KKlark,FFernantez,FSir,DeAntreGietlin,JMurphey,IsXeinten,Zoelinton,SLongstuff,KOuilson, Alison,AlexanderArnolnt,NFilips,Fabinio,ARobertson,KJoouns,JXenterson,JMilner,MSalax,RFirmino,SMane,SaidJamesPark,X/X 
156,Everton,West Ham,X,2,0,1,0-1,10,11,0.61,0.39,2,5,585,382,0.83,0.76,9,7,2,0,0,0,2,0,5,4,JPikfornt,MpGontfe,GMina,MKin,MXolgate,AmpNtoukoure,Alan,AlIvompi,Risarlison,DKalvert,GSigourtson, LFabianski,FBalmouena,VKoufal,AnOgbona,AarKresgouel,TSoutsek,DRais,MpJohnson,JMpoouen,MNompl,SAle,WoodisonPark,X/2
157,Manchester United,Aston Villa,1,1,2,1,2-3,19,15,0.48,0.52,9,5,406,407,0.83,0.79,22,10,4,0,0,0,1,1,5,10,DeXea,AarGouanMpisaka,XMagkouair,ErMpMpaigi,AlTeles,PPogba,NMatits,MpFernantez,MRasfornt,AntMarsial,EntKavani, EmMartines,MKas,KHause,EKonsa,Mtarget,JMakGin,DLouiz,AnElGkazi,MpTraore,OliWuatkins,JGrilis,OldTraford,1/1
158,Tottenham Hotspur,Leeds United,1,1,3,0,2-3,20,18,0.36,0.64,7,5,335,582,0.75,0.84,15,13,2,1,1,0,0,1,3,5,OLioris,MDoxerti,TAlntervairelnt,ErDaier,BDavis,PXoibierg,XGouinks,SBerxvein,TDompele,SonXM,XKein, IMeslier,LAiling,EzAlionski,RStrujik,SDalas,KFilips,Rodringuo,JXarison,Mklix,Rafinha,PBamfornt,WhiteHeartLein,1/1
159,Crystal Palace,Sheffield United,1,1,2,0,2-3,9,7,0.44,0.56,4,2,415,507,0.71,0.80,8,18,1,3,0,0,0,3,3,6,VGouapa,JOuornt,TKuyate,JTomkins,TMichel,JSlooup,LMilivogevits,JMacarthur,AntTaounsent,GZaxa,KBenteke, AarRamsdal,KMpasam,JIgkan,JFlek,JMpogkl,IthAmpantou,MpOzmporn,OlBerk,EntaStivens,LMouse,DMakGoldrich,SelcherstPark,1/1
160,Brighton and Hove Albion,Wolves,2,X,3,3,4-6,13,11,0.55,0.45,4,4,538,458,0.86,0.83,13,8,2,1,0,0,1,0,5,7,RSanchez,JFeltman,LNtang,AnteOuemper,DBern,MpWhite,IvMpisouma,SMark,NMopai,LTrosar,AarKonoli, RPatrisio,ZMoutinhio,KKonti,RSais,RNeves,NSemedo,AntTraore,RAitNouri,PNeto,BFereira,SoaresSilva,FarmelStadium,2/X
161,West Bromwich Albion,Arsenal,2,2,0,4,4-6,7,21,0.38,0.62,3,12,375,615,0.74,0.82,7,4,1,2,0,0,3,2,3,5,STzonstooun,DFurlong,SAtzayi,DOsi,MpIvanonits,KKalaxer,KRobinson,MFilips,RSoyers,GDiangana,MPereira, BLeno,RCholting,PMari,Ktierni,EkMpegerin,GJaka,BSaka,DThempagios,SmithRow,AlLakazet,PObameyang,Chothorns,2/2
162,Newcastle United,Leicester City,X,2,1,2,2-3,7,9,0.43,0.57,2,3,367,490,0.71,0.79,10,11,0,2,0,0,3,3,3,6,KDarlow,MRitsi,KKlark,FFernantez,FSir,DeAntreGietlin,MAlmiron,MLongstuff,Zoelinton,SLongstuff,KOuilson, KSmeichel,JEvans,OuFofana,JJastin,TKostanie,GNtinti,GTilemans,XBarns,MOlbrighton,JVardy,JMantison,SaidJamesPark,X/2
163,Chelsea,Manchester City,2,2,1,3,4-6,9,18,0.54,0.46,2,6,633,548,0.90,0.88,11,10,3,1,0,0,2,0,5,3,EntMenti,ThAthlitikoueta,KZouma,TSilva,MpTsilwell,MKovasits,NKante,MMaount,KPoulisits,TVerner,XZigex, ZStephen,JStones,RDias,ZKanselo,OlZintsenko,BSilva,ErnantethKaskante,IllGountogkan,RSterling,FFonten,KNteMprouin,StaffordBridge,2/2
164,Southampton,Liverpool,1,1,1,0,0-1,7,17,0.32,0.68,3,1,350,674,0.65,0.80,5,12,1,3,0,0,6,1,1,10,RForster,KGouoker,JStivens,GBednarek,RBertrad,MTzenepo,JGouornt,ImpDialo,ThGouolkot,DIngs,SArmstrong, Alison,AlexanderArnolnt,Chamberlain,Fabinio,ARobertson,Tiagko,JXenterson,ZVinaldum,MSalax,RFirmino,SMane,SaidMerryPark,1/1
165,Sheffield United,Newcastle United,X,1,1,0,0-1,17,7,0.67,0.33,4,3,551,280,0.86,0.68,13,12,2,3,0,1,2,2,5,2,AarRamsdal,KMpasam,JIgkan,JFlek,JMpogkl,IthAmpantou,MpOzmporn,OlNorgount,JLanstram,OlBerk,DMakGoldrich, KDarlow,PNtamet,KKlark,FFernantez,FSir,DeAntreGietlin,IsXeinten,JXentrik,RFreizer,SLongstuff,KOuilson,BramallPark,X/1 
166,Burnley,Manchester United,X,2,0,1,0-1,12,13,0.37,0.63,0,7,326,554,0.66,0.84,16,13,1,2,0,0,2,2,3,4,NPooup,JTarkowski,MpMi,MLoouton,GGountmountson,ErPeters,AsWestwood,JMpraounxil,RMpeinti,AsBarns,KWood, DeXea,AarGouanMpisaka,XMagkouair,ErMpMpaigi,LoukSo,PPogba,NMatits,MpFernantez,MRasfornt,AntMarsial,EntKavani,TerfMour,X/2
167,Wolves,Everton,X,2,1,2,2-3,13,5,0.53,0.47,3,3,551,491,0.90,0.88,6,11,2,2,0,0,0,1,6,5,RPatrisio,ZMoutinhio,KKonti,RSais,RNeves,NSemedo,LNtentonker,RAitNouri,PNeto,MGibsWhite,SoaresSilva, JPikfornt,MpGontfe,GMina,MKin,MXolgate,AmpNtoukoure,LNtini,AlIvompi,TDavis,DKalvert,GSigourtson,MolinoStadium,X/2
168,Manchester City,Brighton and Hove Albion,1,1,1,0,0-1,16,5,0.66,0.34,6,1,718,381,0.89,0.77,4,12,0,2,0,0,2,2,8,4,EntMoraes,JStones,RDias,ZKanselo,OlZintsenko,BSilva,ErnantethKaskante,IllGountogkan,RMachrez,FFonten,KNteMprouin, RSanchez,JFeltman,LNtang,AnteOuemper,DBern,MpWhite,NtPoper,Bernardo,PTaou,LTrosar,AlMacAlister,MainRoad,1/1
169,Tottenham Hotspur,Fulham,1,X,1,1,2-3,15,15,0.53,0.47,6,4,521,468,0.81,0.80,13,15,1,2,0,0,2,2,6,5,OLioris,SOrie,DSantchez,ErDaier,SRegilon,PXoibierg,XGouinks,MSisoko,TDompele,SonXM,XKein, AlAreola,OlaEina,TAntarabagio,GAdersen,AntRobinson,XRint,RLoftusTsik,BRint,FAngkisa,KTete,IvKavaliero,WhiteHeartLein,1/X
170,Arsenal,Crystal Palace,X,X,0,0,0-1,11,12,0.68,0.32,4,2,684,336,0.86,0.76,10,11,1,1,0,0,1,1,7,3,BLeno,RCholting,PMari,Ktierni,EkMpegerin,GJaka,BSaka,MNeni,SmithRow,GMartineli,PObameyang, VGouapa,JOuornt,TKuyate,JTomkins,TMichel,JSlooup,LMilivogevits,JMacarthur,AntTaounsent,GZaxa,KBenteke,Emirates,X/X
171,Fulham,Chelsea,X,2,0,1,0-1,10,21,0.30,0.70,3,6,328,749,0.72,0.88,11,10,2,3,1,0,1,3,1,12,AlAreola,OlaEina,TAntarabagio,GAdersen,AntRobinson,XRint,RLoftusTsik,BRint,FAngkisa,AntLookman,IvKavaliero, EntMenti,ThAthlitikoueta,KZouma,TSilva,MpTsilwell,MKovasits,NKante,MMaount,KPoulisits,TVerner,XZigex,CraivenKotatz,X/2
172,Wolves,West Bromwich Albion,1,2,2,3,4-6,23,12,0.68,0.32,6,5,550,270,0.83,0.67,10,14,2,1,0,0,0,2,11,0,RPatrisio,ZMoutinhio,KKonti,RSais,RNeves,NSemedo,AntTraore,RAitNouri,PNeto,BFereira,SoaresSilva, STzonstooun,DFurlong,SAtzayi,DOsi,LiPeltie,KKalaxer,KRobinson,MFilips,RSoyers,GDiangana,KGrad,MolinoStadium,1/2
173,Leeds United,Brighton and Hove Albion,2,2,0,1,0-1,7,7,0.67,0.33,2,2,601,305,0.82,0.69,8,9,1,1,0,0,3,0,5,2,IMeslier,LAiling,EzAlionski,RStrujik,SDalas,KFilips,Rodringuo,JXarison,Mklix,Rafinha,PBamfornt, RSanchez,JFeltman,LNtang,AnteOuemper,DBern,MpWhite,IvMpisouma,SMark,NMopai,LTrosar,AarKonoli,EladRoount,2/2
174,West Ham,Burnley,1,1,1,0,0-1,15,10,0.44,0.56,4,2,364,454,0.72,0.73,12,9,2,1,0,0,5,1,7,4,LFabianski,FBalmouena,VKoufal,AnOgbona,AarKresgouel,TSoutsek,DRais,MpJohnson,JMpoouen,MNompl,SAle, NPooup,JTarkowski,MpMi,MLoouton,TsTaylor,ErPeters,AsWestwood,JMpraounxil,RMpeinti,AsBarns,KWood,UptonPark,1/1
175,Leicester City,Southampton,1,1,2,0,2-3,16,8,0.47,0.53,5,3,443,486,0.72,0.76,10,11,2,2,0,0,5,1,2,5,KSmeichel,JEvans,OuFofana,JJastin,TKostanie,GNtinti,GTilemans,XBarns,MOlbrighton,JVardy,JMantison, RForster,KGouoker,JStivens,GBednarek,RBertrad,MTzenepo,JGouornt,ImpDialo,ThGouolkot,DIngs,SArmstrong,KingPower,1/1
176,Sheffield United,Tottenham Hotspur,2,2,1,3,4-6,15,14,0.42,0.58,5,5,413,580,0.77,0.82,13,4,4,0,0,0,4,1,5,7,AarRamsdal,KMpasam,JIgkan,JFlek,JMpogkl,IthAmpantou,MpOzmporn,OlBerk,EntaStivens,LMouse,DMakGoldrich, OLioris,MDoxerti,TAlntervairelnt,ErDaier,BDavis,PXoibierg,XGouinks,SBerxvein,TDompele,SonXM,XKein,BramallPark,2/2
177,Liverpool,Manchester United,X,X,0,0,0-1,17,8,0.66,0.34,3,4,662,342,0.86,0.73,15,4,2,1,0,0,1,8,7,3,Alison,AlexanderArnolnt,Chamberlain,Fabinio,ARobertson,Tiagko,JXenterson,ZVinaldum,MSalax,RFirmino,SMane, DeXea,AarGouanMpisaka,XMagkouair,ErMpMpaigi,AlTeles,PPogba,NMatits,MpFernantez,MRasfornt,AntMarsial,EntKavani,Anfield,X/X
178,Manchester City,Crystal Palace,1,1,4,0,4-6,13,2,0.73,0.27,6,0,749,277,0.90,0.71,9,8,0,0,0,0,0,0,11,1,ZStephen,JStones,RDias,ZKanselo,OlZintsenko,BSilva,ErnantethKaskante,IllGountogkan,RSterling,FFonten,KNteMprouin, VGouapa,JOuornt,TKuyate,JTomkins,TMichel,JSlooup,LMilivogevits,JMacarthur,AntTaounsent,GZaxa,KBenteke,MainRoad,1/1
179,Arsenal,Newcastle United,X,1,3,0,2-3,20,4,0.67,0.33,6,1,632,321,0.90,0.75,9,8,0,0,0,0,4,1,7,2,BLeno,RCholting,PMari,Ktierni,EkMpegerin,GJaka,BSaka,MNeni,SmithRow,GMartineli,PObameyang, KDarlow,MRitsi,KKlark,FFernantez,FSir,DeAntreGietlin,MAlmiron,MLongstuff,Zoelinton,SLongstuff,KOuilson,Emirates,X/1
180,West Ham,West Bromwich Albion,1,1,2,1,2-3,14,6,0.60,0.40,6,2,539,370,0.82,0.72,10,10,0,1,0,0,2,0,3,1,LFabianski,FBalmouena,VKoufal,AnOgbona,AarKresgouel,TSoutsek,DRais,MpJohnson,JMpoouen,MNompl,SAle, STzonstooun,DFurlong,SAtzayi,DOsi,LiPeltie,KKalaxer,KRobinson,MFilips,RSoyers,GDiangana,KGrad,UptonPark,1/1
181,Leicester City,Chelsea,1,1,2,0,2-3,8,9,0.35,0.65,6,5,336,625,0.82,0.87,7,16,1,3,0,0,1,3,6,3,KSmeichel,JEvans,OuFofana,JJastin,TKostanie,GNtinti,GTilemans,XBarns,MOlbrighton,JVardy,JMantison, EntMenti,ThAthlitikoueta,KZouma,TSilva,MpTsilwell,MKovasits,NKante,MMaount,KPoulisits,TVerner,XZigex,KingPower,1/1
182,Fulham,Manchester United,X,2,1,2,2-3,12,15,0.38,0.62,5,5,393,626,0.80,0.85,6,10,3,1,0,0,1,2,2,8,AlAreola,OlaEina,TAntarabagio,GAdersen,AntRobinson,XRint,RLoftusTsik,BRint,FAngkisa,AntLookman,IvKavaliero, DeXea,AarGouanMpisaka,XMagkouair,ErMpMpaigi,AlTeles,PPogba,NMatits,MpFernantez,MRasfornt,AntMarsial,EntKavani,CraivenKotatz,X/2
183,Manchester City,Aston Villa,X,1,2,0,2-3,17,11,0.70,0.30,9,4,620,283,0.87,0.71,10,9,0,2,0,0,3,1,16,2,ZStephen,JStones,RDias,ZKanselo,OlZintsenko,BSilva,ErnantethKaskante,IllGountogkan,RSterling,FFonten,KNteMprouin, EmMartines,MKas,KHause,EKonsa,Mtarget,JMakGin,DLouiz,AnElGkazi,MpTraore,OliWuatkins,JGrilis,MainRoad,X/1
184,Liverpool,Burnley,X,2,0,1,0-1,27,6,0.72,0.28,6,4,683,273,0.85,0.65,11,8,2,1,0,0,1,6,12,0,Alison,AlexanderArnolnt,Chamberlain,Fabinio,ARobertson,Tiagko,JXenterson,ZVinaldum,MSalax,RFirmino,SMane, NPooup,JTarkowski,MpMi,MLoouton,TsTaylor,ErPeters,AsWestwood,JMpraounxil,RMpeinti,AsBarns,KWood,Anfield,X/2
185,Aston Villa,Newcastle United,1,1,2,0,2-3,14,7,0.60,0.40,5,1,557,359,0.88,0.77,9,18,0,3,0,0,1,2,4,4,EmMartines,MKas,TMings,EKonsa,Mtarget,MNakampa,DLouiz,PBarkley,MpTraore,OliWuatkins,JGrilis, KDarlow,JLiouis,JLaslels,IsXeinten,FSir,XMankigio,MAlmiron,JXentrik,JSelvei,AntiKarol,KOuilson,VillaPark,1/1
186,Crystal Palace,West Ham,2,2,2,3,4-6,6,17,0.55,0.45,3,7,530,453,0.78,0.75,9,8,0,0,0,0,0,2,3,4,VGouapa,JOuornt,TKuyate,GKeixil,TMichel,EEze,LMilivogevits,JMacarthur,AntTaounsent,GZaxa,KBenteke, LFabianski,KNtoson,VKoufal,AnOgbona,AarKresgouel,TSoutsek,DRais,PForlans,JMpoouen,SMpenraxma,MAntonio,SelcherstPark,2/2
187,Newcastle United,Leeds United,2,2,1,2,2-3,22,9,0.42,0.58,5,2,305,437,0.71,0.73,10,15,1,3,0,0,1,0,9,4,KDarlow,JLiouis,JLaslels,IsXeinten,FSir,JMurphey,MAlmiron,JXentrik,JSelvei,RFreizer,KOuilson, IMeslier,LAiling,EzAlionski,LKouper,SDalas,KFilips,Rodringuo,JXarison,DGiorente,Rafinha,PBamfornt,SaidJamesPark,2/2
188,Southampton,Arsenal,2,2,1,3,4-6,13,9,0.59,0.41,5,5,495,348,0.85,0.77,11,6,1,2,0,0,2,2,4,5,AlMacarthi,GValeri,JStivens,GBednarek,JVokins,SArmstrong,JGouornt,ImpDialo,ThGouolkot,DIngs,TseAdams, BLeno,RCholting,DLouiz,Sentrik,EkMpegerin,GJaka,BSaka,TPartei,SmithRow,NPepe,AlLakazet,SaidMerryStadium,2/2
189,West Bromwich Albion,Manchester City,2,2,0,5,4-6,4,18,0.22,0.78,1,7,244,878,0.65,0.91,8,8,2,0,0,0,0,1,3,8,STzonstooun,DFurlong,SAtzayi,DOsi,KGibs,RSnontgrass,JLivermor,KRobinson,RSoyers,MPereira,KGrad, ZStephen,JStones,RDias,ZKanselo,OlZintsenko,BSilva,ErnantethKaskante,IllGountogkan,RSterling,FFonten,RMachrez,Chothorns,2/2
190,Burnley,Aston Villa,2,1,3,2,4-6,10,18,0.38,0.62,5,10,284,469,0.58,0.78,16,7,1,0,0,0,3,2,2,4,NPooup,JTarkowski,MpMi,MLoouton,DMakNil,ErPeters,AsWestwood,JMpraounxil,RMpeinti,JRontriguez,KWood, EmMartines,MKas,TMings,EKonsa,Mtarget,JMakGin,DLouiz,PBarkley,MpTraore,OliWuatkins,JGrilis,TerfMour,2/1
191,Chelsea,Wolves,X,X,0,0,0-1,14,4,0.79,0.21,5,0,887,238,0.92,0.71,14,7,1,1,0,0,2,0,12,1,EntMenti,ThAthlitikoueta,AntRiountigker,TSilva,MpTsilwell,MKovasits,Zorzinhio,KXaverts,KXantsonOntoi,OlZirou,XZigex, RPatrisio,GMpoli,KKonti,MKillman,RNeves,NSemedo,AntTraore,RAitNouri,LNtentonker,PNeto,DPodense,StaffordBridge,X/X
192,Brighton and Hove Albion,Fulham,X,X,0,0,0-1,16,10,0.49,0.51,5,3,409,432,0.70,0.73,10,14,2,1,0,0,3,0,10,0,RSanchez,JFeltman,LNtang,AnteOuemper,PGross,MpWhite,IvMpisouma,SMark,NMopai,LTrosar,AlMacAlister, AlAreola,OlaEina,TAntarabagio,GAdersen,KTete,XRint,FAngkisa,BRint,RLoftusTsik,AntLookman,IvKavaliero,FarmelStadium,X/X
193,Everton,Leicester City,1,X,1,1,2-3,8,18,0.35,0.65,2,5,298,574,0.75,0.85,12,10,1,1,0,0,2,1,5,11,JPikfornt,MpGontfe,GMina,MKin,MXolgate,Risarlison,LNtini,AntGomez,TDavis,DKalvert,XRodriguez, KSmeichel,JEvans,OuFofana,JJastin,TKostanie,GNtinti,GTilemans,XBarns,MOlbrighton,APereth,JMantison,WoodisonPark,1/X
194,Manchester United,Sheffield United,2,2,1,2,2-3,16,5,0.76,0.24,4,3,789,255,0.88,0.68,10,12,1,1,0,0,0,5,7,2,DeXea,AarGouanMpisaka,XMagkouair,AxTouanzempe,AlTeles,PPogba,NMatits,MpFernantez,MRasfornt,AntMarsial,MGringoud, AarRamsdal,KMpasam,FTzagkiela,JFlek,OlNorgount,IthAmpantou,JLanstram,KBraian,BSarp,JMpalntok,DMakGoldrich,OldTraford,2/2
195,Tottenham Hotspur,Liverpool,2,2,1,3,4-6,3,14,0.49,0.51,2,7,586,584,0.83,0.85,9,11,1,2,0,0,2,2,1,2,OLioris,MDoxerti,JRonton,ErDaier,BDavis,PXoibierg,SOrie,SBerxvein,TDompele,SonXM,XKein, Alison,AlexanderArnolnt,JXenterson,ZMatip,ARobertson,Tiagko,JMilner,ZVinaldum,MSalax,RFirmino,SMane,WhiteHeartLein,2/2
196,Everton,Newcastle United,X,2,0,2,2-3,11,13,0.61,0.39,3,3,486,299,0.84,0.75,13,6,3,4,0,0,4,0,7,12,JPikfornt,SKooulman,GMina,MKin,LNtini,AmpNtoukoure,GSigourtson,AlIvompi,XRodriguez,DKalvert,Risarlison, KDarlow,JLaslels,JLiouis,XMankigio,FSir,JXentrik,MAlmiron,JSelvei,IsXeinten,RFreizer,KOuilson,WoodisonPark,X/2
197,Crystal Palace,Wolves,X,1,1,0,0-1,11,6,0.48,0.52,2,4,508,526,0.86,0.87,7,10,1,2,0,0,1,1,1,6,VGouapa,SDan,TKuyate,NKlein,PFanAancholt,JMacarthi,LMilivogevits,GAyiou,EEze,GZaxa,MMpatsouagi, RPatrisio,ZMoutinhio,KKonti,MKillman,GMpoli,NSemedo,LNtentonker,KiGXouver,PNeto,DPodense,GXose,SelcherstPark,X/1
198,Manchester City,Sheffield United,1,1,1,0,0-1,10,4,0.75,0.25,5,1,798,272,0.90,0.75,7,10,0,3,0,0,0,1,10,0,EntMoraes,EmLaport,RDias,KGouoker,OlZintsenko,BSilva,Fernantinhio,IllGountogkan,FTorres,FFonten,GJessus, AarRamsdal,KMpasam,JIgkan,JFlek,JMpogkl,IthAmpantou,JMpalntok,OlBerk,OlNorgount,JLanstram,RMprouster,MainRoad,1/1
199,West Bromwich Albion,Fulham,2,X,2,2,4-6,5,12,0.37,0.63,3,7,328,565,0.63,0.81,9,10,1,0,0,0,1,1,2,3,STzonstooun,KBartlei,SAtzayi,DOsi,JLivermor,KKalaxer,DFurlong,KGibs,RSnontgrass,MPereira,KRobinson, AlAreola,OlaEina,TAntarabagio,GAdersen,AntRobinson,FAngkisa,MLemina,BRint,RLoftusTsik,AntLookman,AlMitrovich,Chothorns,2/X
200,Arsenal,Manchester United,X,X,0,0,0-1,17,14,0.43,0.57,3,3,432,564,0.80,0.85,9,16,1,3,0,0,0,2,4,7,BLeno,RCholting,DLouiz,Sentrik,EkMpegerin,GJaka,TPartei,NPepe,SmithRow,GMartineli,AlLakazet, DeXea,AarGouanMpisaka,XMagkouair,VLintelof,LoukSo,Fred,SMakTominei,MpFernantez,MRasfornt,PPogba,EntKavani,Emirates,X/X
201,Southampton,Aston Villa,2,2,0,1,0-1,20,8,0.60,0.40,5,4,481,332,0.80,0.73,12,11,1,0,0,0,4,5,7,1,AlMacarthi,JProouz,JStivens,GBednarek,RBertrad,OrRomeou,NRentmont,ImpDialo,ThGouolkot,DIngs,SArmstrong, EmMartines,MKas,TMings,EKonsa,Mtarget,JMakGin,DLouiz,PBarkley,MpTraore,OliWuatkins,JGrilis,SaidMerryStadium,2/2
202,Chelsea,Burnley,1,1,2,0,2-3,19,1,0.72,0.28,8,0,723,287,0.86,0.65,7,9,0,1,0,0,2,2,4,2,EntMenti,ThAthlitikoueta,AntRiountigker,TSilva,Zorzinhio,MKovasits,MAlonso,KXantsonOntoi,MMaount,TVerner,TEimpraxam, NPooup,JTarkowski,MpMi,MLoouton,DMakNil,ErPeters,AsWestwood,JKork,RMpeinti,MVyntra,KWood,StaffordBridge,1/1
203,Leicester City,Leeds United,X,2,1,3,4-6,18,8,0.51,0.49,8,7,398,388,0.75,0.72,17,16,0,3,0,0,2,2,5,4,KSmeichel,JEvans,OuFofana,JJastin,TKostanie,NMenti,GTilemans,XBarns,MOlbrighton,APereth,JMantison, IMeslier,LAiling,EzAlionski,RStrujik,LKouper,KFilips,Rodringuo,JXarison,SDalas,Rafinha,PBamfornt,KingPower,X/2
204,West Ham,Liverpool,X,2,1,3,4-6,8,14,0.32,0.68,2,5,351,762,0.76,0.88,7,8,2,0,0,0,2,1,6,4,LFabianski,KNtoson,VKoufal,AnOgbona,AarKresgouel,TSoutsek,DRais,PForlans,JMpoouen,SMpenraxma,MAntonio, Alison,AlexanderArnolnt,JXenterson,NFilips,ARobertson,Tiagko,JMilner,ZVinaldum,MSalax,JSakiri,Origki,UptonPark,X/2
205,Brighton and Hove Albion,Tottenham Hotspur,1,1,1,0,0-1,16,8,0.43,0.57,5,4,399,549,0.80,0.81,11,11,2,1,0,0,1,1,9,2,RSanchez,MpWhite,LNtang,AnteOuemper,PGross,JFeltman,IvMpisouma,SMark,NMopai,LTrosar,AlMacAlister, OLioris,JRonton,TAlntervairelnt,DSantchez,BDavis,PXoibierg,MSisoko,SBerxvein,TDompele,SonXM,XKein,FarmelStadium,1/1
206,Sheffield United,West Bromwich Albion,2,1,2,1,2-3,14,8,0.69,0.31,6,4,593,268,0.83,0.64,11,9,2,1,0,0,0,3,9,2,AarRamsdal,JIgkan,IthAmpantou,KMpasam,JFlek,JMpalntok,JMpogkl,OlNorgount,JLanstram,BSarp,DMakGoldrich, STzonstooun,KBartlei,SAtzayi,DOsi,KTaounsent,JLivermor,MFilips,MpNtian,RSnontgrass,MPereira,KRobinson,BramallPark,2/1
207,Wolves,Arsenal,X,1,2,1,2-3,11,9,0.55,0.45,7,3,576,488,0.90,0.89,11,8,3,2,0,2,1,3,9,6,RPatrisio,ZMoutinhio,KKonti,MKillman,GMpoli,NSemedo,RNeves,AntTraore,PNeto,DPodense,GXose, BLeno,RCholting,DLouiz,Sentrik,EkMpegerin,GJaka,TPartei,NPepe,SmithRow,BSaka,AlLakazet,MolinoStadium,X/1
208,Manchester United,Southampton,1,1,9,0,7+,24,3,0.75,0.25,14,1,626,215,0.88,0.65,11,6,2,3,0,2,3,2,5,3,DeXea,AarGouanMpisaka,XMagkouair,VLintelof,LoukSo,Fred,SMakTominei,MpFernantez,MRasfornt,MGringoud,EntKavani, AlMacarthi,KRamsei,JStivens,GBednarek,RBertrad,JProouz,MTzenepo,AJankewitz,TseAdams,DIngs,SArmstrong,OldTraford,1/1
209,Newcastle United,Crystal Palace,2,2,1,2,2-3,21,6,0.62,0.38,5,3,610,397,0.84,0.76,14,11,1,3,0,0,1,2,9,1,KDarlow,JLaslels,JLiouis,XMankigio,FSir,JXentrik,MAlmiron,JSelvei,IsXeinten,RFreizer,KOuilson, VGouapa,SDan,TKuyate,NKlein,PFanAancholt,JMacarthi,LMilivogevits,GAyiou,EEze,GZaxa,MMpatsouagi,SaidJamesPark,2/2
210,Burnley,Manchester City,2,2,0,2,2-3,2,13,0.25,0.75,0,6,268,802,0.73,0.91,8,5,2,1,0,0,3,2,1,3,NPooup,JTarkowski,MpMi,MLoouton,DMakNil,ErPeters,AsWestwood,JKork,RMpeinti,MVyntra,KWood, EntMoraes,EmLaport,RDias,KGouoker,OlZintsenko,BSilva,Fernantinhio,IllGountogkan,FTorres,FFonten,GJessus,TerfMour,2/2
211,Fulham,Leicester City,2,2,0,2,2-3,8,9,0.58,0.42,1,5,590,442,0.82,0.76,17,10,3,1,0,0,1,3,5,2,AlAreola,OlaEina,TAntarabagio,GAdersen,AntRobinson,FAngkisa,MLemina,BRint,RLoftusTsik,AntLookman,AlMitrovich, KSmeichel,JEvans,OuFofana,JJastin,TKostanie,NMenti,GTilemans,XBarns,MOlbrighton,APereth,JMantison,CraivenKotatz,2/2
212,Leeds United,Everton,2,2,1,2,2-3,16,10,0.63,0.37,7,6,546,334,0.82,0.75,12,12,2,3,0,0,0,1,7,1,IMeslier,LAiling,EzAlionski,RStrujik,LKouper,KFilips,MKlix,JXarison,SDalas,Rafinha,PBamfornt, ROlsen,MXolgate,GMina,BGkontfre,LNtini,AmpNtoukoure,GSigourtson,AlIvompi,AntGomez,DKalvert,Risarlison,EladRoount,2/2
213,Aston Villa,West Ham,X,2,1,3,4-6,9,20,0.57,0.43,2,10,480,376,0.82,0.77,11,16,1,1,0,0,1,1,7,3,EmMartines,MKas,TMings,EKonsa,Mtarget,JMakGin,DLouiz,PBarkley,AnElGkazi,OliWuatkins,JGrilis, LFabianski,KNtoson,VKoufal,AnOgbona,AarKresgouel,TSoutsek,DRais,JLinguard,RFrenteriks,SMpenraxma,MAntonio,VillaPark,X/2
214,Liverpool,Brighton and Hove Albion,X,2,0,1,0-1,11,13,0.64,0.36,1,4,697,404,0.85,0.74,12,6,1,0,0,0,0,3,5,3,Kkelexer,AlexanderArnolnt,JXenterson,NFilips,ARobertson,Tiagko,JMilner,ZVinaldum,MSalax,JSakiri,RFirmino, RSanchez,MpWhite,LNtang,AnteOuemper,PGross,SAlsate,IvMpisouma,SMark,NMopai,LTrosar,DBern,Anfield,X/2
215,Tottenham Hotspur,Chelsea,2,2,0,1,0-1,7,16,0.42,0.58,2,2,457,630,0.81,0.88,20,14,2,3,0,0,0,3,2,7,OLioris,SOrie,TAlntervairelnt,ErDaier,BDavis,MSisoko,PXoibierg,TDompele,SBerxvein,SonXM,KVinisious, EntMenti,TSilva,ThAthlitikoueta,AntRiountigker,Zorzinhio,RJaims,MKovasits,MAlonso,MMaount,TVerner,KHandsonOntoi,WhiteHeartLein,2/2
216,Aston Villa,Arsenal,1,1,1,0,0-1,12,14,0.33,0.67,8,3,316,597,0.73,0.87,12,12,3,2,0,0,1,0,3,7,EmMartines,MKas,TMings,EKonsa,Mtarget,JMakGin,DLouiz,PBarkley,AnElGkazi,OliWuatkins,JGrilis, BLeno,RCholting,DLouiz,Sentrik,EkMpegerin,GJaka,TPartei,NPepe,SmithRow,BSaka,AlLakazet,VillaPark,1/1
217,Burnley,Brighton and Hove Albion,2,X,1,1,2-3,20,10,0.55,0.45,7,2,444,379,0.79,0.75,8,10,2,0,0,0,3,0,8,7,NPooup,JTarkowski,MpMi,MLoouton,DMakNil,ErPeters,AsWestwood,JKork,RMpeinti,MVyntra,KWood, RSanchez,MpWhite,LNtang,AnteOuemper,PGross,SAlsate,IvMpisouma,SMark,NMopai,LTrosar,DBern,TerfMour,2/X
218,Newcastle United,Southampton,1,1,3,2,4-6,6,14,0.26,0.74,4,5,221,610,0.57,0.84,11,14,2,1,1,0,3,5,0,7,KDarlow,JLaslels,JLiouis,XMankigio,FSir,JXentrik,MAlmiron,JSelvei,IsXeinten,RFreizer,KOuilson, AlMacarthi,KRamsei,JStivens,GBednarek,RBertrad,JProouz,MTzenepo,AJankewitz,TseAdams,DIngs,SArmstrong,SaidJamesPark,1/1
219,Fulham,West Ham,X,X,0,0,0-1,20,8,0.61,0.39,2,1,550,354,0.84,0.72,11,10,1,3,0,1,1,4,7,3,AlAreola,OlaEina,TAntarabagio,GAdersen,AntRobinson,FAngkisa,MLemina,BRint,RLoftusTsik,AntLookman,AlMitrovich, LFabianski,KNtoson,VKoufal,AnOgbona,AarKresgouel,TSoutsek,DRais,JLinguard,RFrenteriks,SMpenraxma,MAntonio,CraivenKotatz,X/X
220,Manchester United,Everton,1,X,3,3,4-6,14,6,0.62,0.38,5,3,653,397,0.89,0.81,14,10,2,1,0,0,0,4,5,1,DeXea,AarGouanMpisaka,XMagkouair,VLintelof,LoukSo,Fred,SMakTominei,MpFernantez,MRasfornt,MGringoud,EntKavani, ROlsen,MXolgate,GMina,BGkontfre,LNtini,AmpNtoukoure,GSigourtson,AlIvompi,AntGomez,DKalvert,Risarlison,OldTraford,1/X
221,Tottenham Hotspur,West Bromwich Albion,X,1,2,0,2-3,13,4,0.66,0.34,6,1,589,303,0.86,0.71,16,12,1,2,0,0,1,4,8,0,OLioris,SOrie,TAlntervairelnt,ErDaier,BDavis,MSisoko,PXoibierg,TDompele,SBerxvein,SonXM,KVinisious, STzonstooun,KBartlei,SAtzayi,DOsi,KTaounsent,JLivermor,MFilips,MpNtian,RSnontgrass,MPereira,KRobinson,WhiteHeartLein,X/1
222,Wolves,Leicester City,X,X,0,0,0-1,13,13,0.43,0.57,1,3,429,567,0.81,0.86,11,15,1,3,0,0,0,1,8,2,RPatrisio,ZMoutinhio,KKonti,MKillman,GMpoli,NSemedo,RNeves,AntTraore,PNeto,DPodense,GXose, KSmeichel,JEvans,OuFofana,JJastin,TKostanie,NMenti,GTilemans,XBarns,MOlbrighton,APereth,JMantison,MolinoStadium,X/X
223,Liverpool,Manchester City,X,2,1,4,4-6,8,8,0.56,0.44,3,5,638,513,0.88,0.85,13,8,2,1,0,0,1,2,6,1,Alison,AlexanderArnolnt,JXenterson,NFilips,ARobertson,Tiagko,JMilner,ZVinaldum,MSalax,JSakiri,RFirmino, EntMoraes,EmLaport,RDias,KGouoker,OlZintsenko,BSilva,Fernantinhio,IllGountogkan,FTorres,FFonten,GJessus,Anfield,X/2
224,Sheffield United,Chelsea,2,2,1,2,2-3,8,9,0.31,0.69,3,3,338,756,0.72,0.86,8,8,1,0,0,0,2,2,1,8,AarRamsdal,JIgkan,IthAmpantou,KMpasam,JFlek,JMpalntok,JMpogkl,OlNorgount,JLanstram,BSarp,DMakGoldrich, EntMenti,TSilva,ThAthlitikoueta,AntRiountigker,Zorzinhio,RJaims,MKovasits,MAlonso,MMaount,TVerner,KHandsonOntoi,BramallPark,2/2
225,Leeds United,Crystal Palace,1,1,2,0,2-3,17,8,0.69,0.31,7,3,714,332,0.87,0.76,7,8,0,2,0,0,1,1,5,6,IMeslier,LAiling,EzAlionski,RStrujik,LKouper,KFilips,MKlix,JXarison,SDalas,Rafinha,PBamfornt, VGouapa,SDan,TKuyate,NKlein,PFanAancholt,JMacarthi,LMilivogevits,GAyiou,EEze,GZaxa,MMpatsouagi,EladRoount,1/1
226,Leicester City,Liverpool,X,1,3,1,4-6,11,15,0.38,0.62,6,4,357,561,0.69,0.82,7,6,1,2,0,0,2,1,2,12,KSmeichel,JEvans,OuFofana,JJastin,TKostanie,NMenti,GTilemans,XBarns,MOlbrighton,APereth,JMantison, Alison,AlexanderArnolnt,JXenterson,NFilips,ARobertson,Tiagko,JMilner,ZVinaldum,MSalax,JSakiri,RFirmino,KingPower,X/1
227,Crystal Palace,Burnley,2,2,0,3,2-3,13,16,0.54,0.46,3,4,427,390,0.76,0.72,15,14,0,0,0,0,3,1,7,4,VGouapa,SDan,TKuyate,NKlein,PFanAancholt,JMacarthi,LMilivogevits,GAyiou,EEze,GZaxa,MMpatsouagi, NPooup,JTarkowski,MpMi,MLoouton,DMakNil,ErPeters,AsWestwood,JKork,RMpeinti,MVyntra,KWood,SelcherstPark,2/2
228,Manchester City,Tottenham Hotspur,1,1,3,0,2-3,15,7,0.61,0.39,6,3,698,456,0.90,0.85,12,13,1,3,0,0,1,0,4,2,EntMoraes,EmLaport,RDias,KGouoker,OlZintsenko,BSilva,Fernantinhio,IllGountogkan,FTorres,FFonten,GJessus, OLioris,SOrie,TAlntervairelnt,ErDaier,BDavis,MSisoko,PXoibierg,TDompele,SBerxvein,SonXM,KVinisious,MainRoad,1/1
229,Brighton and Hove Albion,Aston Villa,X,X,0,0,0-1,26,4,0.59,0.41,9,1,509,372,0.81,0.75,16,12,2,3,0,0,0,3,9,2,RSanchez,MpWhite,LNtang,AnteOuemper,PGross,SAlsate,IvMpisouma,SMark,NMopai,LTrosar,DBern, EmMartines,MKas,TMings,EKonsa,Mtarget,JMakGin,DLouiz,PBarkley,AnElGkazi,OliWuatkins,JGrilis,FarmelStadium,/
230,Southampton,Wolves,1,2,1,2,2-3,7,10,0.52,0.48,3,4,476,448,0.78,0.75,10,9,2,2,0,0,6,1,4,6,AlMacarthi,KRamsei,JStivens,GBednarek,RBertrad,JProouz,MTzenepo,AJankewitz,TseAdams,DIngs,SArmstrong, RPatrisio,ZMoutinhio,KKonti,MKillman,GMpoli,NSemedo,RNeves,AntTraore,PNeto,DPodense,GXose,SaidMerryPark,1/2
231,West Bromwich Albion,Manchester United,X,X,1,1,2-3,7,10,0.26,0.74,3,7,253,707,0.65,0.86,13,10,5,0,0,0,2,3,4,5,STzonstooun,KBartlei,SAtzayi,DOsi,KTaounsent,JLivermor,MFilips,MpNtian,RSnontgrass,MPereira,KRobinson, DeXea,AarGouanMpisaka,XMagkouair,VLintelof,LoukSo,Fred,SMakTominei,MpFernantez,MRasfornt,MGringoud,EntKavani,Chothorns,X/X
232,Arsenal,Leeds United,1,1,4,2,4-6,13,9,0.45,0.55,5,5,423,498,0.76,0.79,8,17,0,2,0,0,2,0,4,5,BLeno,RCholting,DLouiz,Sentrik,EkMpegerin,GJaka,TPartei,NPepe,SmithRow,BSaka,AlLakazet, IMeslier,LAiling,EzAlionski,RStrujik,LKouper,KFilips,MKlix,JXarison,SDalas,Rafinha,PBamfornt,Emirates,1/1
233,Everton,Fulham,X,2,0,2,2-3,7,12,0.49,0.51,2,3,534,545,0.83,0.85,7,16,1,1,0,0,3,2,5,4,ROlsen,MXolgate,GMina,BGkontfre,LNtini,AmpNtoukoure,GSigourtson,AlIvompi,AntGomez,DKalvert,Risarlison, AlAreola,OlaEina,TAntarabagio,GAdersen,AntRobinson,FAngkisa,MLemina,BRint,RLoftusTsik,AntLookman,AlMitrovich,WoodisonPark,X/2
234,West Ham,Sheffield United,1,1,3,0,2-3,13,8,0.45,0.55,9,5,422,498,0.81,0.85,11,12,0,2,0,0,1,1,7,7,LFabianski,KNtoson,VKoufal,AnOgbona,AarKresgouel,TSoutsek,DRais,JLinguard,RFrenteriks,SMpenraxma,MAntonio, AarRamsdal,JIgkan,IthAmpantou,KMpasam,JFlek,JMpalntok,JMpogkl,OlNorgount,JLanstram,BSarp,DMakGoldrich,UptonPark,1/1
235,Chelsea,Newcastle United,1,1,2,0,2-3,18,10,0.66,0.34,6,4,564,289,0.87,0.77,9,13,0,0,0,0,0,2,10,5,EntMenti,TSilva,ThAthlitikoueta,AntRiountigker,Zorzinhio,RJaims,MKovasits,MAlonso,MMaount,TVerner,KHandsonOntoi, KDarlow,JLaslels,JLiouis,XMankigio,FSir,JXentrik,MAlmiron,JSelvei,IsXeinten,RFreizer,KOuilson,StaffordBridge,1/1
236,Burnley,Fulham,X,X,1,1,2-3,8,8,0.46,0.54,3,3,400,477,0.68,0.73,7,13,1,1,0,0,6,0,5,5,NPooup,JTarkowski,MpMi,MLoouton,DMakNil,ErPeters,AsWestwood,JKork,RMpeinti,MVyntra,KWood, AlAreola,OlaEina,TAntarabagio,GAdersen,AntRobinson,FAngkisa,MLemina,BRint,RLoftusTsik,AntLookman,AlMitrovich,TerfMour,X/X
237,Everton,Manchester City,X,2,1,3,4-6,3,16,0.29,0.71,2,7,313,755,0.73,0.90,8,8,2,1,0,0,0,0,0,10,ROlsen,MXolgate,GMina,BGkontfre,LNtini,AmpNtoukoure,GSigourtson,AlIvompi,AntGomez,DKalvert,Risarlison, EntMoraes,EmLaport,RDias,KGouoker,OlZintsenko,BSilva,Fernantinhio,IllGountogkan,FTorres,FFonten,GJessus,WoodisonPark,X/2
238,Wolves,Leeds United,X,1,1,0,0-1,15,18,0.41,0.59,5,7,308,440,0.75,0.80,13,8,1,0,0,0,1,1,7,9,RPatrisio,ZMoutinhio,KKonti,MKillman,GMpoli,NSemedo,RNeves,AntTraore,PNeto,DPodense,GXose, IMeslier,LAiling,EzAlionski,RStrujik,LKouper,KFilips,MKlix,JXarison,SDalas,Rafinha,PBamfornt,MolinoStadium,X/1
239,Southampton,Chelsea,1,X,1,1,2-3,4,9,0.29,0.71,1,3,295,727,0.65,0.85,10,10,1,1,0,0,0,4,3,6,AlMacarthi,KRamsei,JStivens,GBednarek,RBertrad,JProouz,MTzenepo,AJankewitz,TseAdams,DIngs,SArmstrong, EntMenti,TSilva,ThAthlitikoueta,AntRiountigker,Zorzinhio,RJaims,MKovasits,MAlonso,MMaount,TVerner,KHandsonOntoi,SaidMerryPark,1/X
240,Burnley,West Bromwich Albion,X,X,0,0,0-1,6,10,0.63,0.37,1,3,433,267,0.75,0.59,16,10,3,0,0,1,4,3,5,5,NPooup,JTarkowski,MpMi,MLoouton,DMakNil,ErPeters,AsWestwood,JKork,RMpeinti,MVyntra,KWood, STzonstooun,KBartlei,SAtzayi,DOsi,KTaounsent,JLivermor,MFilips,MpNtian,RSnontgrass,MPereira,KRobinson,TerfMour,X/X
241,Liverpool,Everton,2,2,0,2,2-3,15,9,0.72,0.28,6,6,692,277,0.87,0.68,10,10,2,1,0,0,2,2,7,2,Alison,AlexanderArnolnt,JXenterson,NFilips,ARobertson,Tiagko,JMilner,ZVinaldum,MSalax,JSakiri,RFirmino, ROlsen,MXolgate,GMina,BGkontfre,LNtini,AmpNtoukoure,GSigourtson,AlIvompi,AntGomez,DKalvert,Risarlison,Anfield,2/2
242,Fulham,Sheffield United,X,1,1,0,0-1,15,4,0.66,0.34,6,2,592,315,0.83,0.65,11,14,1,2,0,0,1,3,6,4,AlAreola,OlaEina,TAntarabagio,GAdersen,AntRobinson,FAngkisa,MLemina,BRint,RLoftusTsik,AntLookman,AlMitrovich, AarRamsdal,JIgkan,IthAmpantou,KMpasam,JFlek,JMpalntok,JMpogkl,OlNorgount,JLanstram,BSarp,DMakGoldrich,CraivenKotatz,X/1
243,West Ham,Tottenham Hotspur,1,1,2,1,2-3,4,20,0.30,0.70,4,4,253,569,0.61,0.82,14,7,4,3,0,0,1,0,5,7,LFabianski,KNtoson,VKoufal,AnOgbona,AarKresgouel,TSoutsek,DRais,PForlans,JMpoouen,SMpenraxma,MAntonio, OLioris,SOrie,TAlntervairelnt,ErDaier,BDavis,MSisoko,PXoibierg,TDompele,SBerxvein,SonXM,KVinisious,UptonPark,1/1
244,Aston Villa,Leicester City,2,2,1,2,2-3,11,16,0.49,0.51,2,7,430,450,0.80,0.83,11,12,2,1,0,0,4,1,7,8,EmMartines,MKas,TMings,EKonsa,Mtarget,JMakGin,DLouiz,PBarkley,AnElGkazi,OliWuatkins,JGrilis, KSmeichel,JEvans,OuFofana,JJastin,TKostanie,NMenti,GTilemans,XBarns,MOlbrighton,APereth,JMantison,VillaPark,2/2
245,Arsenal,Manchester City,2,2,0,1,0-1,7,15,0.45,0.55,1,3,479,599,0.84,0.88,11,9,2,2,0,0,1,3,1,3,BLeno,RCholting,DLouiz,Sentrik,EkMpegerin,GJaka,TPartei,NPepe,SmithRow,BSaka,AlLakazet, EntMoraes,EmLaport,RDias,KGouoker,OlZintsenko,BSilva,Fernantinhio,IllGountogkan,FTorres,FFonten,GJessus,Emirates,2/2
246,Manchester United,Newcastle United,X,1,3,1,4-6,15,10,0.72,0.28,7,6,692,270,0.86,0.68,9,11,1,2,0,0,2,1,6,4,DeXea,AarGouanMpisaka,XMagkouair,VLintelof,LoukSo,Fred,SMakTominei,MpFernantez,MRasfornt,MGringoud,EntKavani, KDarlow,JLaslels,JLiouis,XMankigio,FSir,JXentrik,MAlmiron,JSelvei,IsXeinten,RFreizer,KOuilson,OldTraforf,X/1
247,Brighton and Hove Albion,Crystal Palace,2,2,1,2,2-3,25,3,0.75,0.25,5,2,715,250,0.87,0.66,11,6,2,0,0,0,3,1,13,0,RSanchez,MpWhite,LNtang,AnteOuemper,PGross,SAlsate,IvMpisouma,SMark,NMopai,LTrosar,DBern, VGouapa,SDan,TKuyate,NKlein,PFanAancholt,JMacarthi,LMilivogevits,GAyiou,EEze,GZaxa,MMpatsouagi,FarmelStadium,2/2
248,Leeds United,Southampton,X,1,3,0,2-3,11,13,0.46,0.54,7,5,315,358,0.67,0.74,11,13,1,2,0,0,1,2,2,4,IMeslier,LAiling,EzAlionski,RStrujik,LKouper,KFilips,MKlix,JXarison,SDalas,Rafinha,PBamfornt, AlMacarthi,KRamsei,JStivens,GBednarek,RBertrad,JProouz,MTzenepo,AJankewitz,TseAdams,DIngs,SArmstrong,EladRoount,X/1
249,Manchester City,West Ham,X,1,2,1,2-3,10,9,0.64,0.36,3,3,675,394,0.89,0.80,8,11,1,1,0,0,2,1,4,2,EntMoraes,EmLaport,RDias,KGouoker,OlZintsenko,BSilva,Fernantinhio,IllGountogkan,FTorres,FFonten,GJessus, LFabianski,KNtoson,VKoufal,AnOgbona,AarKresgouel,TSoutsek,DRais,PForlans,JMpoouen,SMpenraxma,MAntonio,MainRoad,X/1
250,West Bromwich Albion,Brighton and Hove Albion,1,1,1,0,0-1,6,15,0.29,0.71,2,6,230,553,0.61,0.81,11,13,0,0,0,0,1,0,7,4,STzonstooun,KBartlei,SAtzayi,DOsi,KTaounsent,JLivermor,MFilips,MpNtian,RSnontgrass,MPereira,KRobinson, RSanchez,MpWhite,LNtang,AnteOuemper,PGross,SAlsate,IvMpisouma,SMark,NMopai,LTrosar,DBern,Chothorns,1/1 
251,Leeds United,Aston Villa,2,2,0,1,0-1,13,9,0.70,0.30,3,4,517,227,0.79,0.60,14,14,3,2,0,0,0,0,7,5,IMeslier,LAiling,EzAlionski,RStrujik,LKouper,KFilips,MKlix,JXarison,SDalas,Rafinha,PBamfornt, EmMartines,MKas,TMings,EKonsa,Mtarget,JMakGin,DLouiz,PBarkley,AnElGkazi,OliWuatkins,JGrilis,EladRoount,2/2
252,Newcastle United,Wolves,X,X,1,1,2-3,19,14,0.47,0.53,7,4,387,423,0.83,0.80,11,13,2,0,0,0,2,0,3,5,KDarlow,JLaslels,JLiouis,XMankigio,FSir,JXentrik,MAlmiron,JSelvei,IsXeinten,RFreizer,KOuilson, RPatrisio,ZMoutinhio,KKonti,MKillman,GMpoli,NSemedo,RNeves,AntTraore,PNeto,DPodense,GXose,SaidJamesPark,X/X
253,Crystal Palace,Fulham,X,X,0,0,0-1,3,16,0.40,0.60,0,4,364,540,0.75,0.82,10,14,1,1,0,0,1,0,1,3,VGouapa,SDan,TKuyate,NKlein,PFanAancholt,JMacarthi,LMilivogevits,GAyiou,EEze,GZaxa,MMpatsouagi, AlAreola,OlaEina,TAntarabagio,GAdersen,AntRobinson,FAngkisa,MLemina,BRint,RLoftusTsik,AntLookman,AlMitrovich,SelcherstPark,X/X
254,Leicester City,Arsenal,2,2,1,3,4-6,8,12,0.44,0.56,3,4,408,507,0.77,0.82,15,3,2,1,0,0,0,1,2,7,KSmeichel,JEvans,OuFofana,JJastin,TKostanie,NMenti,GTilemans,XBarns,MOlbrighton,APereth,JMantison, BLeno,RCholting,DLouiz,Sentrik,EkMpegerin,GJaka,TPartei,NPepe,SmithRow,BSaka,AlLakazet,KingPower,2/2
255,Tottenham Hotspur,Burnley,1,1,4,0,4-6,16,10,0.59,0.41,7,3,633,439,0.83,0.77,6,10,0,0,0,0,0,0,3,4,OLioris,SOrie,TAlntervairelnt,ErDaier,BDavis,MSisoko,PXoibierg,TDompele,SBerxvein,SonXM,KVinisious, NPooup,JTarkowski,MpMi,MLoouton,DMakNil,ErPeters,AsWestwood,JKork,RMpeinti,MVyntra,KWood,WhiteHeartLein,1/1
256,Chelsea,Manchester United,X,X,0,0,0-1,18,11,0.58,0.42,6,4,608,445,0.89,0.82,11,12,1,2,0,0,1,3,3,4,EntMenti,ThAthlitikoueta,AntRiountigker,TSilva,Zorzinhio,MKovasits,MAlonso,KXantsonOntoi,MMaount,TVerner,TEimpraxam, DeXea,AarGouanMpisaka,XMagkouair,VLintelof,LoukSo,Fred,SMakTominei,MpFernantez,MRasfornt,MGringoud,EntKavani,StaffordBridge,X/X
257,Sheffield United,Liverpool,X,2,0,2,2-3,8,16,0.39,0.61,2,8,403,618,0.74,0.82,9,9,0,0,0,0,3,1,4,3,AarRamsdal,JIgkan,IthAmpantou,KMpasam,JFlek,JMpalntok,JMpogkl,OlNorgount,JLanstram,BSarp,DMakGoldrich, Alison,AlexanderArnolnt,JXenterson,NFilips,ARobertson,Tiagko,JMilner,ZVinaldum,MSalax,JSakiri,RFirmino,BramallPark,X/2
258,Everton,Southampton,1,1,1,0,0-1,7,9,0.46,0.54,1,1,410,462,0.74,0.77,13,9,0,2,0,0,4,0,4,10,ROlsen,MXolgate,GMina,BGkontfre,LNtini,AmpNtoukoure,GSigourtson,AlIvompi,AntGomez,DKalvert,Risarlison, AlMacarthi,KRamsei,JStivens,GBednarek,RBertrad,JProouz,MTzenepo,AJankewitz,TseAdams,DIngs,SArmstrong,WoodisonPark,1/1
259,Manchester City,Wolves,1,1,4,1,4-6,22,6,0.73,0.27,10,1,798,309,0.92,0.83,9,5,0,1,0,0,3,1,10,2,EntMoraes,EmLaport,RDias,KGouoker,OlZintsenko,BSilva,Fernantinhio,IllGountogkan,FTorres,FFonten,GJessus, RPatrisio,ZMoutinhio,KKonti,MKillman,GMpoli,NSemedo,RNeves,AntTraore,PNeto,DPodense,GXose,MainRoad,1/1
260,Burnley,Leicester City,X,X,1,1,2-3,12,16,0.38,0.62,7,4,351,571,0.70,0.82,6,12,0,2,0,0,3,2,5,8,NPooup,JTarkowski,MpMi,MLoouton,DMakNil,ErPeters,AsWestwood,JKork,RMpeinti,MVyntra,KWood, KSmeichel,JEvans,OuFofana,JJastin,TKostanie,NMenti,GTilemans,XBarns,MOlbrighton,APereth,JMantison,TerfMour,X/X
261,Sheffield United,Aston Villa,1,1,1,0,0-1,9,16,0.28,0.72,2,4,263,641,0.69,0.84,13,6,1,0,1,0,1,1,2,7,AarRamsdal,JIgkan,IthAmpantou,KMpasam,JFlek,JMpalntok,JMpogkl,OlNorgount,JLanstram,BSarp,DMakGoldrich, EmMartines,MKas,TMings,EKonsa,Mtarget,JMakGin,DLouiz,PBarkley,AnElGkazi,OliWuatkins,JGrilis,BramallPark,1/1
262,Crystal Palace,Manchester United,X,X,0,0,0-1,8,11,0.37,0.63,2,1,353,600,0.78,0.86,4,13,1,0,0,0,1,2,4,6,VGouapa,SDan,TKuyate,NKlein,PFanAancholt,JMacarthi,LMilivogevits,GAyiou,EEze,GZaxa,MMpatsouagi, DeXea,AarGouanMpisaka,XMagkouair,VLintelof,LoukSo,Fred,SMakTominei,MpFernantez,MRasfornt,MGringoud,EntKavani,SelcherstPark,X/X  
263,West Bromwich Albion,Everton,X,2,0,1,0-1,11,11,0.48,0.52,3,3,448,500,0.80,0.81,9,7,3,1,0,0,3,2,3,3,STzonstooun,KBartlei,SAtzayi,DOsi,KTaounsent,JLivermor,MFilips,MpNtian,RSnontgrass,MPereira,KRobinson, ROlsen,MXolgate,GMina,BGkontfre,LNtini,AmpNtoukoure,GSigourtson,AlIvompi,AntGomez,DKalvert,Risarlison,Chothorns,X/1
264,Fulham,Tottenham Hotspur,2,2,0,1,0-1,11,9,0.60,0.40,3,2,526,373,0.82,0.72,13,9,2,1,0,0,4,2,4,1,AlAreola,OlaEina,TAntarabagio,GAdersen,AntRobinson,FAngkisa,MLemina,BRint,RLoftusTsik,AntLookman,AlMitrovich, OLioris,SOrie,TAlntervairelnt,ErDaier,BDavis,MSisoko,PXoibierg,TDompele,SBerxvein,SonXM,KVinisious,CraivenKotatz,2/2
265,Liverpool,Chelsea,2,2,0,1,0-1,7,11,0.55,0.45,1,5,656,549,0.87,0.85,9,8,0,0,0,0,1,4,5,2,Alison,AlexanderArnolnt,JXenterson,NFilips,ARobertson,Tiagko,JMilner,ZVinaldum,MSalax,JSakiri,RFirmino, EntMenti,ThAthlitikoueta,AntRiountigker,TSilva,Zorzinhio,MKovasits,MAlonso,KXantsonOntoi,MMaount,TVerner,TEimpraxam,Anfield,2/2
266,Burnley,Arsenal,X,X,1,1,2-3,9,15,0.41,0.59,5,3,414,587,0.72,0.81,5,12,1,1,0,0,2,2,2,3,NPooup,JTarkowski,MpMi,MLoouton,DMakNil,ErPeters,AsWestwood,JKork,RMpeinti,MVyntra,KWood, BLeno,RCholting,DLouiz,Sentrik,EkMpegerin,GJaka,TPartei,NPepe,SmithRow,BSaka,AlLakazet,TerfMour,X/X 
267,Sheffield United,Southampton,2,2,0,2,2-3,8,15,0.51,0.49,2,7,393,390,0.69,0.75,17,11,4,3,0,0,2,2,7,3,AarRamsdal,JIgkan,IthAmpantou,KMpasam,JFlek,JMpalntok,JMpogkl,OlNorgount,JLanstram,BSarp,DMakGoldrich, AlMacarthi,KRamsei,JStivens,GBednarek,RBertrad,JProouz,MTzenepo,AJankewitz,TseAdams,DIngs,SArmstrong,BramallPark,2/2
268,Aston Villa,Wolves,X,X,0,0,0-1,9,10,0.49,0.51,1,2,410,424,0.77,0.82,13,13,1,0,0,0,3,0,5,3,EmMartines,MKas,TMings,EKonsa,Mtarget,JMakGin,DLouiz,PBarkley,AnElGkazi,OliWuatkins,JGrilis, RPatrisio,ZMoutinhio,KKonti,MKillman,GMpoli,NSemedo,RNeves,AntTraore,PNeto,DPodense,GXose,VillaPark,X/X
269,Brighton and Hove Albion,Leicester City,1,2,1,2,2-3,7,8,0.36,0.64,2,4,340,616,0.75,0.84,14,8,0,1,0,0,4,1,6,6,RSanchez,MpWhite,LNtang,AnteOuemper,PGross,SAlsate,IvMpisouma,SMark,NMopai,LTrosar,DBern, KSmeichel,JEvans,OuFofana,JJastin,TKostanie,NMenti,GTilemans,XBarns,MOlbrighton,APereth,JMantison,FarmelStadium,1/2
270,West Bromwich Albion,Newcastle United,X,X,0,0,0-1,13,9,0.53,0.47,3,5,396,365,0.74,0.67,11,10,0,0,0,0,1,1,9,7,STzonstooun,KBartlei,SAtzayi,DOsi,KTaounsent,JLivermor,MFilips,MpNtian,RSnontgrass,MPereira,KRobinson, KDarlow,JLaslels,JLiouis,XMankigio,FSir,JXentrik,MAlmiron,JSelvei,IsXeinten,RFreizer,KOuilson,Chothorns,X/X
271,Liverpool,Fulham,2,2,0,1,0-1,16,10,0.64,0.36,3,3,708,414,0.83,0.77,10,8,2,3,0,0,3,1,9,4,Alison,AlexanderArnolnt,JXenterson,NFilips,ARobertson,Tiagko,JMilner,ZVinaldum,MSalax,JSakiri,RFirmino, AlAreola,OlaEina,TAntarabagio,GAdersen,AntRobinson,FAngkisa,MLemina,BRint,RLoftusTsik,AntLookman,AlMitrovich,Anfield,2/2
272,Manchester City,Manchester United,2,2,0,2,2-3,23,8,0.66,0.34,6,6,715,374,0.89,0.78,9,12,0,3,0,0,0,1,6,2,EntMoraes,EmLaport,RDias,KGouoker,OlZintsenko,BSilva,Fernantinhio,IllGountogkan,FTorres,FFonten,GJessus, DeXea,AarGouanMpisaka,XMagkouair,VLintelof,LoukSo,Fred,SMakTominei,MpFernantez,MRasfornt,MGringoud,EntKavani,MainRoad,2/2
273,Tottenham Hotspur,Crystal Palace,X,1,4,1,4-6,12,5,0.65,0.35,5,1,690,373,0.87,0.75,8,17,2,3,0,0,1,4,1,5,OLioris,SOrie,TAlntervairelnt,ErDaier,BDavis,MSisoko,PXoibierg,TDompele,SBerxvein,SonXM,KVinisious, VGouapa,SDan,TKuyate,NKlein,PFanAancholt,JMacarthi,LMilivogevits,GAyiou,EEze,GZaxa,MMpatsouagi,WhiteHeartLein,X/1
274,Chelsea,Everton,1,1,2,0,2-3,19,7,0.66,0.34,9,1,713,369,0.89,0.80,11,12,0,3,0,0,1,0,7,3,EntMenti,ThAthlitikoueta,AntRiountigker,TSilva,Zorzinhio,MKovasits,MAlonso,KXantsonOntoi,MMaount,TVerner,TEimpraxam, JPikfornt,SKooulman,GMina,MKin,LNtini,AmpNtoukoure,GSigourtson,AlIvompi,XRodriguez,DKalvert,Risarlison,StaffordBridge,1/1
275,West Ham,Leeds United,1,1,2,0,2-3,16,17,0.34,0.66,5,2,276,528,0.68,0.83,9,9,1,1,0,0,1,1,6,6,LFabianski,KNtoson,VKoufal,AnOgbona,AarKresgouel,TSoutsek,DRais,JLinguard,RFrenteriks,SMpenraxma,MAntonio, IMeslier,LAiling,EzAlionski,RStrujik,LKouper,KFilips,MKlix,JXarison,SDalas,Rafinha,PBamfornt,UptonPark,1/1
276,Manchester City,Southampton,1,1,5,2,7+,17,11,0.59,0.41,10,6,673,481,0.91,0.83,6,4,1,0,0,0,1,4,5,5,EntMoraes,EmLaport,RDias,KGouoker,OlZintsenko,BSilva,Fernantinhio,IllGountogkan,FTorres,FFonten,GJessus, AlMacarthi,KRamsei,JStivens,GBednarek,RBertrad,JProouz,MTzenepo,AJankewitz,TseAdams,DIngs,SArmstrong,MainRoad,1/1 
277,Newcastle United,Aston Villa,X,X,1,1,2-3,12,15,0.49,0.51,3,6,392,411,0.71,0.75,10,10,2,3,0,0,0,4,2,2,KDarlow,JLaslels,JLiouis,XMankigio,FSir,JXentrik,MAlmiron,JSelvei,IsXeinten,RFreizer,KOuilson, EmMartines,MKas,TMings,EKonsa,Mtarget,JMakGin,DLouiz,PBarkley,AnElGkazi,OliWuatkins,JGrilis,SaidJamesPark,X/X
278,Leeds United,Chelsea,X,X,0,0,0-1,7,15,0.37,0.63,4,8,330,588,0.73,0.83,16,6,3,0,0,0,5,3,8,5,IMeslier,LAiling,EzAlionski,RStrujik,LKouper,KFilips,MKlix,JXarison,SDalas,Rafinha,PBamfornt, EntMenti,ThAthlitikoueta,AntRiountigker,TSilva,Zorzinhio,MKovasits,MAlonso,KXantsonOntoi,MMaount,TVerner,TEimpraxam,EladRoount,X/X
279,Crystal Palace,West Bromwich Albion,1,1,1,0,0-1,6,12,0.44,0.56,4,1,324,397,0.67,0.77,16,15,3,1,0,0,1,1,3,2,VGouapa,SDan,TKuyate,NKlein,PFanAancholt,JMacarthi,LMilivogevits,GAyiou,EEze,GZaxa,MMpatsouagi, STzonstooun,KBartlei,SAtzayi,DOsi,KTaounsent,JLivermor,MFilips,MpNtian,RSnontgrass,MPereira,KRobinson,SelcherstPark,1/1
280,Everton,Burnley,2,2,1,2,2-3,14,14,0.66,0.34,4,5,547,291,0.81,0.68,9,6,0,4,0,0,2,1,7,4,ROlsen,MXolgate,GMina,BGkontfre,LNtini,AmpNtoukoure,GSigourtson,AlIvompi,AntGomez,DKalvert,Risarlison, NPooup,JTarkowski,MpMi,MLoouton,DMakNil,ErPeters,AsWestwood,JKork,RMpeinti,MVyntra,KWood,WoodisonPark,2/2
281,Fulham,Manchester City,X,2,0,3,2-3,3,8,0.46,0.54,0,7,444,529,0.80,0.84,14,13,0,0,0,0,1,3,4,2,AlAreola,OlaEina,TAntarabagio,GAdersen,AntRobinson,FAngkisa,MLemina,BRint,RLoftusTsik,AntLookman,AlMitrovich, EntMoraes,EmLaport,RDias,KGouoker,OlZintsenko,BSilva,Fernantinhio,IllGountogkan,FTorres,FFonten,GJessus,CraivenKotatz,X/2
282,Southampton,Brighton and Hove Albion,X,2,1,2,2-3,9,8,0.60,0.40,4,6,492,330,0.79,0.68,11,10,0,0,0,0,1,1,4,5,AlMacarthi,KRamsei,JStivens,GBednarek,RBertrad,JProouz,MTzenepo,AJankewitz,TseAdams,DIngs,SArmstrong, RSanchez,MpWhite,LNtang,AnteOuemper,PGross,SAlsate,IvMpisouma,SMark,NMopai,LTrosar,DBern,SaidMerryPark,X/2
283,Leicester City,Sheffield United,1,1,5,0,4-6,19,1,0.72,0.28,10,0,750,291,0.89,0.71,10,9,0,2,0,0,2,0,9,1,KSmeichel,JEvans,OuFofana,JJastin,TKostanie,NMenti,GTilemans,XBarns,MOlbrighton,APereth,JMantison, AarRamsdal,JIgkan,IthAmpantou,KMpasam,JFlek,JMpalntok,JMpogkl,OlNorgount,JLanstram,BSarp,DMakGoldrich,KingPower,1/1
284,Arsenal,Tottenham Hotspur,X,1,2,1,2-3,13,6,0.53,0.47,3,3,519,482,0.86,0.82,12,14,1,2,0,1,0,1,6,3,BLeno,RCholting,DLouiz,Sentrik,EkMpegerin,GJaka,TPartei,NPepe,SmithRow,BSaka,AlLakazet, OLioris,SOrie,TAlntervairelnt,ErDaier,BDavis,MSisoko,PXoibierg,TDompele,SBerxvein,SonXM,KVinisious,Emirates,X/1
285,Manchester United,West Ham,X,1,1,0,0-1,15,7,0.62,0.38,4,0,684,411,0.90,0.81,12,2,4,0,0,0,0,2,6,2,DeXea,AarGouanMpisaka,XMagkouair,VLintelof,LoukSo,Fred,SMakTominei,MpFernantez,MRasfornt,MGringoud,EntKavani, LFabianski,KNtoson,VKoufal,AnOgbona,AarKresgouel,TSoutsek,DRais,JLinguard,RFrenteriks,SMpenraxma,MAntonio,OldTrafford,X/1
286,Wolves,Liverpool,2,2,0,1,0-1,10,12,0.53,0.47,5,4,508,467,0.79,0.75,17,10,2,1,0,0,2,1,3,2,RPatrisio,ZMoutinhio,KKonti,MKillman,GMpoli,NSemedo,RNeves,AntTraore,PNeto,DPodense,GXose, Alison,AlexanderArnolnt,JXenterson,NFilips,ARobertson,Tiagko,JMilner,ZVinaldum,MSalax,JSakiri,RFirmino,MolinoStadium,2/2
287,Fulham,Leeds United,X,2,1,2,2-3,13,13,0.52,0.48,6,4,339,319,0.72,0.68,13,12,2,2,0,0,1,4,13,7,AlAreola,OlaEina,TAntarabagio,GAdersen,AntRobinson,FAngkisa,MLemina,BRint,RLoftusTsik,AntLookman,AlMitrovich, IMeslier,LAiling,EzAlionski,RStrujik,LKouper,KFilips,MKlix,JXarison,SDalas,Rafinha,PBamfornt,CraivenKotatz,X/2
288,Brighton and Hove Albion,Newcastle United,1,1,3,0,2-3,11,3,0.66,0.34,6,1,728,382,0.88,0.79,12,5,0,1,0,0,2,1,3,1,RSanchez,MpWhite,LNtang,AnteOuemper,PGross,SAlsate,IvMpisouma,SMark,NMopai,LTrosar,DBern, KDarlow,JLaslels,JLiouis,XMankigio,FSir,JXentrik,MAlmiron,JSelvei,IsXeinten,RFreizer,KOuilson,FarmelStadium,1/1
289,Aston Villa,Tottenham Hotspur,2,2,0,2,2-3,8,9,0.51,0.49,1,3,416,421,0.77,0.79,18,13,3,2,0,0,1,1,5,8,EmMartines,MKas,TMings,EKonsa,Mtarget,JMakGin,DLouiz,PBarkley,AnElGkazi,OliWuatkins,JGrilis, OLioris,SOrie,TAlntervairelnt,ErDaier,BDavis,MSisoko,PXoibierg,TDompele,SBerxvein,SonXM,KVinisious,VillaPark,2/2
290,West Ham,Arsenal,1,X,3,3,4-6,15,16,0.36,0.64,5,7,348,606,0.73,0.86,18,8,3,1,0,0,1,0,3,5,LFabianski,KNtoson,VKoufal,AnOgbona,AarKresgouel,TSoutsek,DRais,JLinguard,RFrenteriks,SMpenraxma,MAntonio, BLeno,RCholting,DLouiz,Sentrik,EkMpegerin,GJaka,TPartei,NPepe,SmithRow,BSaka,AlLakazet,UptonPark,1/X




